id,length,width,sheetsPerBox,origin,itemNameDescriptionId,thicknessId,thickness,ItemName
338,132,91,130,PFG,1,,2,مات
1561,183,122,,PFG,1,,2,مات
5125,183,122,,Zeduan,1,,2,مات
339,183,122,90,PFG,1,,2,مات
5126,183,122,210,Zeduan,1,,2,مات
3136,184,124,,Pilkington,1,,2,مات
1562,184,124,,PFG,1,,2,مات
340,184,124,90,PFG,1,,2,مات
3137,184,124,100,Pilkington,1,,2,مات
2446,,,,,1,,2,مات
1223,183,122,,TGQingdao,1,,2,مات
5127,183,122,,Zeduan,2,,2,ابيض
4497,183,122,,Mulia Glass,2,,2,ابيض
1,183,122,90,TGQingdao,2,,2,ابيض
5244,183,122,100,Zeduan,2,,2,ابيض
4498,183,122,199,Mulia Glass,2,,2,ابيض
5128,183,122,205,Zeduan,2,,2,ابيض
1224,183,137,,Taiwan,2,,2,ابيض
2,183,137,100,Taiwan,2,,2,ابيض
3302,113,161,,Sphinx,2,,2,ابيض
3737,113,161,100,Sphinx,2,,2,ابيض
1226,225,161,,Sphinx,2,,2,ابيض
3,225,161,94,Sphinx,2,,2,ابيض
4,225,161,100,Sphinx,2,,2,ابيض
2447,,,,,2,,2.7,ابيض
1228,225,161,,Sphinx,2,,2.7,ابيض
6,225,161,88,Sphinx,3,,2.7,ابيض
2450,,,,,3,,3,ابيض
3662,225,161,,Obeikan,3,,3,ابيض
1230,225,161,,SISECAM,4,,3,ابيض
4642,225,161,44,SISECAM,4,,3,ابيض
4637,225,161,46,SISECAM,4,,3,ابيض
4639,225,161,48,SISECAM,4,,3,ابيض
4640,225,161,50,SISECAM,4,,3,ابيض
4641,225,161,53,SISECAM,4,,3,ابيض
4638,225,161,54,SISECAM,4,,3,ابيض
4636,225,161,55,SISECAM,4,,3,ابيض
4635,225,161,56,SISECAM,4,,3,ابيض
8,225,161,57,SISECAM,4,,3,ابيض
3231,225,161,58,SISECAM,4,,3,ابيض
3663,225,161,88,Obeikan,4,,3,ابيض
5190,240,161,,SISECAM,4,,3,ابيض
5191,240,161,55,SISECAM,4,,3,ابيض
3654,321,225,,SISECAM,4,,3,ابيض
3655,321,225,44,SISECAM,4,,3,ابيض
4319,,,,Sphinx,4,,3.2,ابيض
3618,244,183,,Sphinx,4,,3.2,ابيض
3619,244,183,58,Sphinx,5,,3.2,ابيض
2453,,,,,5,,4,ابيض
4478,244,153,,SISECAM,5,,4,ابيض
4479,244,153,45,SISECAM,6,,4,ابيض
4885,200,161,,Obeikan,6,,4,ابيض
1232,225,161,,SISECAM,6,,4,ابيض
3627,225,161,,Obeikan,6,,4,ابيض
1233,225,161,,Sphinx,6,,4,ابيض
4981,225,161,,Kaveh,6,,4,ابيض
10,225,161,43,SISECAM,6,,4,ابيض
4982,225,161,43,Kaveh,6,,4,ابيض
3194,225,161,44,SISECAM,6,,4,ابيض
3477,225,161,46,SISECAM,6,,4,ابيض
11,225,161,59,Sphinx,6,,4,ابيض
3628,225,161,67,Obeikan,6,,4,ابيض
5143,240,161,,SISECAM,6,,4,ابيض
5144,240,161,41,SISECAM,6,,4,ابيض
3609,255,161,,SISECAM,6,,4,ابيض
3610,255,161,49,SISECAM,6,,4,ابيض
4474,244,183,,SISECAM,6,,4,ابيض
4475,244,183,45,SISECAM,6,,4,ابيض
3625,321,200,,Obeikan,6,,4,ابيض
1234,321,200,,SISECAM,6,,4,ابيض
3304,321,200,32,SISECAM,6,,4,ابيض
3626,321,200,36,Obeikan,6,,4,ابيض
12,321,200,37,SISECAM,6,,4,ابيض
1235,330,200,,Sphinx,6,,4,ابيض
13,330,200,32,Sphinx,6,,4,ابيض
1236,321,210,,SISECAM,6,,4,ابيض
14,321,210,31,SISECAM,6,,4,ابيض
4476,305,214,,SISECAM,6,,4,ابيض
4477,305,214,38,SISECAM,6,,4,ابيض
3611,321,214,,SISECAM,6,,4,ابيض
3612,321,214,39,SISECAM,6,,4,ابيض
1237,321,225,,SISECAM,6,,4,ابيض
3637,321,225,,Obeikan,6,,4,ابيض
3232,321,225,29,SISECAM,6,,4,ابيض
15,321,225,30,SISECAM,6,,4,ابيض
3638,321,225,33,Obeikan,6,,4,ابيض
4481,321,225,34,SISECAM,6,,4,ابيض
1238,330,225,,Sphinx,6,,4,ابيض
16,330,225,28,Sphinx,6,,4,ابيض
1239,321,240,,SISECAM,6,,4,ابيض
17,321,240,27,SISECAM,6,,4,ابيض
1240,321,255,,SISECAM,6,,4,ابيض
18,321,255,25,SISECAM,6,,4,ابيض
4320,,,,Sphinx,6,,4.7,ابيض
3620,244,183,,Sphinx,6,,4.7,ابيض
3621,244,183,40,Sphinx,7,,4.7,ابيض
2454,,,,,7,,5,ابيض
4468,244,153,,SISECAM,7,,5,ابيض
4469,244,153,36,SISECAM,9,,5,ابيض
1241,225,161,,SISECAM,9,,5,ابيض
19,225,161,40,SISECAM,9,,5,ابيض
4833,225,165,,Kaveh,9,,5,ابيض
4834,225,165,35,Kaveh,9,,5,ابيض
4470,244,183,,SISECAM,9,,5,ابيض
4827,244,183,,Kaveh,9,,5,ابيض
4828,244,183,35,Kaveh,9,,5,ابيض
4471,244,183,36,SISECAM,9,,5,ابيض
4835,321,200,,Kaveh,9,,5,ابيض
4523,321,200,,SISECAM,9,,5,ابيض
4836,321,200,25,Kaveh,9,,5,ابيض
4799,321,200,30,SISECAM,9,,5,ابيض
4524,321,200,31,SISECAM,9,,5,ابيض
4865,330,200,,Kaveh,9,,5,ابيض
4866,330,200,25,Kaveh,9,,5,ابيض
5131,321,210,,Kaveh,9,,5,ابيض
5132,321,210,25,Kaveh,9,,5,ابيض
4466,305,214,,SISECAM,9,,5,ابيض
4467,305,214,30,SISECAM,9,,5,ابيض
4525,321,214,,SISECAM,9,,5,ابيض
4945,321,214,,Kaveh,9,,5,ابيض
4899,321,214,24,SISECAM,9,,5,ابيض
4946,321,214,25,Kaveh,9,,5,ابيض
4526,321,214,27,SISECAM,9,,5,ابيض
4586,321,214,30,SISECAM,9,,5,ابيض
5133,321,214,30,SISECAM,9,,5,ابيض
4851,330,214,,Kaveh,9,,5,ابيض
4852,330,214,25,Kaveh,9,,5,ابيض
4472,321,225,,SISECAM,9,,5,ابيض
4947,321,225,,Kaveh,9,,5,ابيض
4948,321,225,25,Kaveh,9,,5,ابيض
4473,321,225,27,SISECAM,9,,5,ابيض
4837,330,225,,Kaveh,9,,5,ابيض
4838,330,225,25,Kaveh,9,,5,ابيض
1242,366,225,,Sphinx,9,,5,ابيض
5238,366,225,,Grand Star,9,,5,ابيض
20,366,225,21,Sphinx,9,,5,ابيض
5239,366,225,25,Grand Star,9,,5,ابيض
3681,225,161,,SISECAM,9,,5.5,ابيض
3682,225,161,31,SISECAM,9,,5.5,ابيض
4829,225,165,,Kaveh,10,,5.5,ابيض
4830,225,165,32,Kaveh,10,,5.5,ابيض
3541,,,,,10,,5.5,ابيض
3504,244,183,,Sphinx Transition,10,,5.5,ابيض
3505,244,183,35,Sphinx Transition,11,,5.5,ابيض
1256,330,200,,Sphinx Transition,11,,5.5,ابيض
34,330,200,23,Sphinx Transition,11,,5.5,ابيض
1260,330,205,,Sphinx Transition,11,,5.5,ابيض
38,330,205,23,Sphinx Transition,11,,5.5,ابيض
1264,321,214,,Sphinx Transition,11,,5.5,ابيض
42,321,214,22,Sphinx Transition,11,,5.5,ابيض
1265,330,214,,Sphinx Transition,11,,5.5,ابيض
43,330,214,22,Sphinx Transition,11,,5.5,ابيض
1273,321,225,,Trakya Transition,11,,5.5,ابيض
51,321,225,21,Trakya Transition,11,,5.5,ابيض
1276,330,225,,Sphinx Transition,11,,5.5,ابيض
54,330,225,21,Sphinx Transition,11,,5.5,ابيض
1292,,,,,11,,5.5,ابيض
4445,,,,Kaveh,11,,5.5,ابيض
1246,321,170,,SISECAM,12,,5.5,ابيض
23,321,170,27,SISECAM,12,,5.5,ابيض
24,321,170,30,SISECAM,12,,5.5,ابيض
4325,321,170,31,SISECAM,12,,5.5,ابيض
3762,330,170,,Obeikan,12,,5.5,ابيض
3763,330,170,31,Obeikan,12,,5.5,ابيض
1248,321,180,,SISECAM,12,,5.5,ابيض
3613,321,180,,Obeikan,12,,5.5,ابيض
3223,321,180,25,SISECAM,12,,5.5,ابيض
25,321,180,28,SISECAM,12,,5.5,ابيض
26,321,180,29,SISECAM,12,,5.5,ابيض
3614,321,180,30,Obeikan,12,,5.5,ابيض
3764,330,180,,Obeikan,12,,5.5,ابيض
2946,330,180,,Guardian,12,,5.5,ابيض
2947,330,180,25,Guardian,12,,5.5,ابيض
3768,330,180,27,Obeikan,12,,5.5,ابيض
3765,330,180,29,Obeikan,12,,5.5,ابيض
4938,244,183,,Kaveh,12,,5.5,ابيض
4939,244,183,32,Kaveh,12,,5.5,ابيض
5141,321,183,,Saint Gobain,12,,5.5,ابيض
5142,321,183,32,Saint Gobain,12,,5.5,ابيض
3470,330,183,,Sphinx,12,,5.5,ابيض
1249,330,183,,UFG,12,,5.5,ابيض
4940,330,183,,Kaveh,12,,5.5,ابيض
4941,330,183,23,Kaveh,12,,5.5,ابيض
3471,330,183,25,Sphinx,12,,5.5,ابيض
27,330,183,28,UFG,12,,5.5,ابيض
3615,321,190,,Obeikan,12,,5.5,ابيض
1252,321,190,,SISECAM,12,,5.5,ابيض
1251,321,190,,Sphinx,12,,5.5,ابيض
3233,321,190,24,SISECAM,12,,5.5,ابيض
29,321,190,25,Sphinx,12,,5.5,ابيض
28,321,190,26,SISECAM,12,,5.5,ابيض
30,321,190,27,SISECAM,12,,5.5,ابيض
3616,321,190,29,Obeikan,12,,5.5,ابيض
2948,330,190,,Guardian,12,,5.5,ابيض
3126,330,190,,Obeikan,12,,5.5,ابيض
1253,330,190,,UFG,12,,5.5,ابيض
3472,330,190,,Sphinx,12,,5.5,ابيض
4831,330,190,,Kaveh,12,,5.5,ابيض
4832,330,190,23,Kaveh,12,,5.5,ابيض
2949,330,190,24,Guardian,12,,5.5,ابيض
3473,330,190,24,Sphinx,12,,5.5,ابيض
31,330,190,27,UFG,12,,5.5,ابيض
3125,330,190,28,Obeikan,12,,5.5,ابيض
1255,321,200,,SISECAM,12,,5.5,ابيض
3659,321,200,,Obeikan,12,,5.5,ابيض
3209,321,200,,Guardian,12,,5.5,ابيض
4986,321,200,,Kaveh,12,,5.5,ابيض
5113,321,200,,Saint Gobain,12,,5.5,ابيض
5256,321,200,,Grand Star,12,,5.5,ابيض
3081,321,200,21,SISECAM,12,,5.5,ابيض
3576,321,200,22,SISECAM,12,,5.5,ابيض
3140,321,200,23,Guardian,12,,5.5,ابيض
32,321,200,23,SISECAM,12,,5.5,ابيض
5257,321,200,23,Grand Star,12,,5.5,ابيض
4987,321,200,23,Kaveh,12,,5.5,ابيض
2800,321,200,25,SISECAM,12,,5.5,ابيض
3660,321,200,26,Obeikan,12,,5.5,ابيض
33,321,200,26,SISECAM,12,,5.5,ابيض
3319,321,200,27,SISECAM,12,,5.5,ابيض
5139,321,200,29,Saint Gobain,12,,5.5,ابيض
5138,321,200,30,Saint Gobain,12,,5.5,ابيض
5114,321,200,32,Saint Gobain,12,,5.5,ابيض
3129,330,200,,Obeikan,12,,5.5,ابيض
2950,330,200,,Guardian,12,,5.5,ابيض
1257,330,200,,Sphinx,12,,5.5,ابيض
1258,330,200,,UFG,12,,5.5,ابيض
4575,330,200,,Kaveh,12,,5.5,ابيض
2951,330,200,22,Guardian,12,,5.5,ابيض
35,330,200,23,Sphinx,12,,5.5,ابيض
4576,330,200,23,Kaveh,12,,5.5,ابيض
36,330,200,26,UFG,12,,5.5,ابيض
3127,330,200,26,Obeikan,12,,5.5,ابيض
3210,321,205,,Guardian,12,,5.5,ابيض
1259,321,205,,SISECAM,12,,5.5,ابيض
3672,321,205,,Obeikan,12,,5.5,ابيض
5115,321,205,,Saint Gobain,12,,5.5,ابيض
3580,321,205,21,SISECAM,12,,5.5,ابيض
3512,321,205,22,SISECAM,12,,5.5,ابيض
3109,321,205,22,Guardian,12,,5.5,ابيض
3176,321,205,23,SISECAM,12,,5.5,ابيض
2979,321,205,24,SISECAM,12,,5.5,ابيض
37,321,205,25,SISECAM,12,,5.5,ابيض
3673,321,205,26,Obeikan,12,,5.5,ابيض
3320,321,205,27,SISECAM,12,,5.5,ابيض
5140,321,205,30,Saint Gobain,12,,5.5,ابيض
5116,321,205,31,Saint Gobain,12,,5.5,ابيض
1261,330,205,,UFG,12,,5.5,ابيض
3214,330,205,,Sphinx,12,,5.5,ابيض
2952,330,205,,Guardian,12,,5.5,ابيض
3178,330,205,,Obeikan,12,,5.5,ابيض
2953,330,205,22,Guardian,12,,5.5,ابيض
3149,330,205,23,Sphinx,12,,5.5,ابيض
39,330,205,25,UFG,12,,5.5,ابيض
3177,330,205,26,Obeikan,12,,5.5,ابيض
3657,321,210,,Obeikan,12,,5.5,ابيض
3211,321,210,,Guardian,12,,5.5,ابيض
1262,321,210,,SISECAM,12,,5.5,ابيض
4984,321,210,,Kaveh,12,,5.5,ابيض
3582,321,210,20,SISECAM,12,,5.5,ابيض
3169,321,210,21,SISECAM,12,,5.5,ابيض
3111,321,210,22,Guardian,12,,5.5,ابيض
3511,321,210,22,SISECAM,12,,5.5,ابيض
4985,321,210,23,Kaveh,12,,5.5,ابيض
3322,321,210,24,SISECAM,12,,5.5,ابيض
40,321,210,25,SISECAM,12,,5.5,ابيض
3658,321,210,26,Obeikan,12,,5.5,ابيض
3321,321,210,27,SISECAM,12,,5.5,ابيض
1263,330,210,,UFG,12,,5.5,ابيض
2954,330,210,,Guardian,12,,5.5,ابيض
3766,330,210,,Obeikan,12,,5.5,ابيض
5092,330,210,,Kaveh,12,,5.5,ابيض
2955,330,210,21,Guardian,12,,5.5,ابيض
5093,330,210,23,Kaveh,12,,5.5,ابيض
41,330,210,24,UFG,12,,5.5,ابيض
3767,330,210,26,Obeikan,12,,5.5,ابيض
3388,165,214,,Obeikan,12,,5.5,ابيض
3389,165,214,43,Obeikan,12,,5.5,ابيض
3670,321,214,,Obeikan,12,,5.5,ابيض
4326,321,214,,Kaveh,12,,5.5,ابيض
3395,321,214,,SISECAM,12,,5.5,ابيض
3212,321,214,,Guardian,12,,5.5,ابيض
5246,321,214,,Grand Star,12,,5.5,ابيض
5111,321,214,,Saint Gobain,12,,5.5,ابيض
3141,321,214,21,Guardian,12,,5.5,ابيض
4278,321,214,22,SISECAM,12,,5.5,ابيض
4327,321,214,23,Kaveh,12,,5.5,ابيض
5245,321,214,23,Grand Star,12,,5.5,ابيض
3671,321,214,26,Obeikan,12,,5.5,ابيض
3344,321,214,27,SISECAM,12,,5.5,ابيض
5137,321,214,28,Saint Gobain,12,,5.5,ابيض
5136,321,214,29,Saint Gobain,12,,5.5,ابيض
5112,321,214,30,Saint Gobain,12,,5.5,ابيض
3079,330,214,,UFG,12,,5.5,ابيض
1266,330,214,,Sphinx,12,,5.5,ابيض
3130,330,214,,Obeikan,12,,5.5,ابيض
3769,330,214,,China,12,,5.5,ابيض
2956,330,214,,Guardian,12,,5.5,ابيض
4577,330,214,,Kaveh,12,,5.5,ابيض
2957,330,214,21,Guardian,12,,5.5,ابيض
44,330,214,22,Sphinx,12,,5.5,ابيض
4578,330,214,23,Kaveh,12,,5.5,ابيض
3078,330,214,24,UFG,12,,5.5,ابيض
3770,330,214,24,China,12,,5.5,ابيض
3128,330,214,25,Obeikan,12,,5.5,ابيض
1268,321,215,,SISECAM,12,,5.5,ابيض
3195,321,215,21,SISECAM,12,,5.5,ابيض
46,321,215,23,SISECAM,12,,5.5,ابيض
45,321,215,24,SISECAM,12,,5.5,ابيض
1244,161,225,,SISECAM,12,,5.5,ابيض
22,161,225,32,SISECAM,12,,5.5,ابيض
3171,165,225,,UFG,12,,5.5,ابيض
3384,165,225,,Sphinx,12,,5.5,ابيض
3370,165,225,31,UFG,12,,5.5,ابيض
3369,165,225,32,UFG,12,,5.5,ابيض
3213,321,225,,Guardian,12,,5.5,ابيض
4397,321,225,,Kaveh,12,,5.5,ابيض
3255,321,225,,Saint Gobain,12,,5.5,ابيض
1275,321,225,,SISECAM,12,,5.5,ابيض
1271,321,225,,Sphinx,12,,5.5,ابيض
3224,321,225,,UFG,12,,5.5,ابيض
5236,321,225,,Grand Star,12,,5.5,ابيض
3577,321,225,19,SISECAM,12,,5.5,ابيض
3142,321,225,20,Guardian,12,,5.5,ابيض
3196,321,225,20,SISECAM,12,,5.5,ابيض
49,321,225,21,Sphinx,12,,5.5,ابيض
3197,321,225,21,SISECAM,12,,5.5,ابيض
50,321,225,22,SISECAM,12,,5.5,ابيض
4590,321,225,22,Kaveh,12,,5.5,ابيض
4398,321,225,23,Kaveh,12,,5.5,ابيض
52,321,225,23,SISECAM,12,,5.5,ابيض
3204,321,225,23,UFG,12,,5.5,ابيض
5262,321,225,23,Grand Star,12,,5.5,ابيض
53,321,225,24,SISECAM,12,,5.5,ابيض
5237,321,225,24,Grand Star,12,,5.5,ابيض
2801,321,225,28,Saint Gobain,12,,5.5,ابيض
1269,330,225,,UFG,12,,5.5,ابيض
1277,330,225,,Sphinx,12,,5.5,ابيض
2958,330,225,,Guardian,12,,5.5,ابيض
3124,330,225,,Obeikan,12,,5.5,ابيض
4579,330,225,,Kaveh,12,,5.5,ابيض
2959,330,225,20,Guardian,12,,5.5,ابيض
55,330,225,21,Sphinx,12,,5.5,ابيض
3123,330,225,23,Obeikan,12,,5.5,ابيض
47,330,225,23,UFG,12,,5.5,ابيض
4580,330,225,23,Kaveh,12,,5.5,ابيض
4399,366,225,,Kaveh,12,,5.5,ابيض
4927,366,225,,Sphinx,12,,5.5,ابيض
4929,366,225,18,Sphinx,12,,5.5,ابيض
4928,366,225,19,Sphinx,12,,5.5,ابيض
4400,366,225,23,Kaveh,12,,5.5,ابيض
2983,321,235,,Sphinx,12,,5.5,ابيض
1279,321,235,,SISECAM,12,,5.5,ابيض
3578,321,235,18,SISECAM,12,,5.5,ابيض
3508,321,235,19,SISECAM,12,,5.5,ابيض
2982,321,235,20,Sphinx,12,,5.5,ابيض
56,321,235,21,SISECAM,12,,5.5,ابيض
57,321,235,22,SISECAM,12,,5.5,ابيض
1280,330,235,,Sphinx,12,,5.5,ابيض
58,330,235,20,Sphinx,12,,5.5,ابيض
3150,321,240,,Sphinx,12,,5.5,ابيض
1282,321,240,,SISECAM,12,,5.5,ابيض
3688,321,240,19,SISECAM,12,,5.5,ابيض
3151,321,240,20,Sphinx,12,,5.5,ابيض
59,321,240,21,SISECAM,12,,5.5,ابيض
60,321,240,22,SISECAM,12,,5.5,ابيض
4403,321,244,,Kaveh,12,,5.5,ابيض
4404,321,244,23,Kaveh,12,,5.5,ابيض
4401,366,244,,Kaveh,12,,5.5,ابيض
3635,366,244,,Obeikan,12,,5.5,ابيض
1284,366,244,,Sphinx,12,,5.5,ابيض
4697,366,244,,Guardian,12,,5.5,ابيض
62,366,244,17,Sphinx,12,,5.5,ابيض
4698,366,244,18,Guardian,12,,5.5,ابيض
3636,366,244,20,Obeikan,12,,5.5,ابيض
4402,366,244,23,Kaveh,12,,5.5,ابيض
1286,321,245,,SISECAM,12,,5.5,ابيض
3152,321,245,,Sphinx,12,,5.5,ابيض
5263,321,245,,Grand Star,12,,5.5,ابيض
3574,321,245,17,SISECAM,12,,5.5,ابيض
63,321,245,20,SISECAM,12,,5.5,ابيض
3153,321,245,20,Sphinx,12,,5.5,ابيض
64,321,245,21,SISECAM,12,,5.5,ابيض
3323,321,245,22,SISECAM,12,,5.5,ابيض
5264,321,245,23,Grand Star,12,,5.5,ابيض
1287,330,245,,Sphinx,12,,5.5,ابيض
4581,330,245,,Kaveh,12,,5.5,ابيض
65,330,245,19,Sphinx,12,,5.5,ابيض
4582,330,245,23,Kaveh,12,,5.5,ابيض
1289,321,255,,SISECAM,12,,5.5,ابيض
1291,321,255,,Sphinx,12,,5.5,ابيض
3617,321,255,17,SISECAM,12,,5.5,ابيض
3234,321,255,18,SISECAM,12,,5.5,ابيض
69,321,255,19,Sphinx,12,,5.5,ابيض
66,321,255,20,SISECAM,12,,5.5,ابيض
67,321,255,21,SISECAM,12,,5.5,ابيض
1290,330,255,,Sphinx,12,,5.5,ابيض
68,330,255,19,Sphinx,12,,5.5,ابيض
2464,,,,,12,,6,ابيض
4482,244,153,,SISECAM,12,,6,ابيض
4483,244,153,30,SISECAM,13,,6,ابيض
3087,321,200,,SISECAM,13,,6,ابيض
3086,321,200,21,SISECAM,13,,6,ابيض
1293,321,210,,SISECAM,13,,6,ابيض
71,321,210,23,SISECAM,13,,6,ابيض
4484,305,214,,SISECAM,13,,6,ابيض
4485,305,214,25,SISECAM,13,,6,ابيض
3089,321,214,,SISECAM,13,,6,ابيض
3088,321,214,25,SISECAM,13,,6,ابيض
1296,321,225,,SISECAM,13,,6,ابيض
3639,321,225,,Obeikan,13,,6,ابيض
1294,321,225,,Sphinx,13,,6,ابيض
3070,321,225,,AGC Obeikan,13,,6,ابيض
3579,321,225,18,SISECAM,13,,6,ابيض
72,321,225,19,Sphinx,13,,6,ابيض
73,321,225,19,SISECAM,13,,6,ابيض
74,321,225,22,SISECAM,13,,6,ابيض
3640,321,225,22,Obeikan,13,,6,ابيض
1297,330,225,,Sphinx,13,,6,ابيض
75,330,225,17,Sphinx,13,,6,ابيض
4900,321,240,,SISECAM,13,,6,ابيض
4901,321,240,20,SISECAM,13,,6,ابيض
1298,366,244,,Sphinx,13,,6,ابيض
76,366,244,16,Sphinx,13,,6,ابيض
1300,321,245,,SISECAM,13,,6,ابيض
77,321,245,18,SISECAM,13,,6,ابيض
78,321,245,20,SISECAM,13,,6,ابيض
1302,321,255,,SISECAM,13,,6,ابيض
3080,321,255,,AGC Obeikan,13,,6,ابيض
1301,321,255,,Sphinx,13,,6,ابيض
3235,321,255,16,SISECAM,13,,6,ابيض
79,321,255,17,Sphinx,13,,6,ابيض
3198,321,255,17,SISECAM,13,,6,ابيض
80,321,255,19,SISECAM,13,,6,ابيض
4380,321,510,,SISECAM,13,,6,ابيض
3664,321,510,10,SISECAM,13,,6,ابيض
4381,321,600,,SISECAM,14,,6,ابيض جامبو
3092,321,600,10,SISECAM,14,,6,ابيض جامبو
2471,,,,,14,,8,ابيض جامبو
2472,,,,Impex,14,,8,ابيض جامبو
4442,,,,Kaveh,15,,8,ابيض
4486,244,153,,SISECAM,15,,8,ابيض
4487,244,153,23,SISECAM,15,,8,ابيض
4488,244,183,,SISECAM,15,,8,ابيض
4489,244,183,23,SISECAM,15,,8,ابيض
1305,321,190,,SISECAM,15,,8,ابيض
83,321,190,19,SISECAM,15,,8,ابيض
1306,321,200,,SISECAM,15,,8,ابيض
3539,321,200,,Obeikan,15,,8,ابيض
3026,321,200,,Guardian,15,,8,ابيض
1307,321,200,,Saint Gobain,15,,8,ابيض
4856,321,200,,Kaveh,15,,8,ابيض
3027,321,200,16,Guardian,15,,8,ابيض
4857,321,200,16,Kaveh,15,,8,ابيض
85,321,200,18,SISECAM,15,,8,ابيض
3540,321,200,18,Obeikan,15,,8,ابيض
2814,321,200,18,Saint Gobain,15,,8,ابيض
4270,321,200,19,SISECAM,15,,8,ابيض
2813,321,200,20,Saint Gobain,15,,8,ابيض
2812,321,200,22,Saint Gobain,15,,8,ابيض
1308,330,200,,Sphinx,15,,8,ابيض
86,330,200,16,Sphinx,15,,8,ابيض
3358,366,200,,Obeikan,15,,8,ابيض
1309,366,200,,Sphinx,15,,8,ابيض
1310,366,200,,UFG,15,,8,ابيض
3247,366,200,,Saint Gobain,15,,8,ابيض
5230,366,200,,Guardian,15,,8,ابيض
87,366,200,14,Sphinx,15,,8,ابيض
5231,366,200,15,Guardian,15,,8,ابيض
88,366,200,16,UFG,15,,8,ابيض
3661,366,200,16,Obeikan,15,,8,ابيض
3357,366,200,17,Obeikan,15,,8,ابيض
2806,366,200,19,Saint Gobain,15,,8,ابيض
1311,321,214,,SISECAM,15,,8,ابيض
3356,321,214,,Obeikan,15,,8,ابيض
3248,321,214,,Saint Gobain,15,,8,ابيض
4860,321,214,,Kaveh,15,,8,ابيض
5268,321,214,,Grand Star,15,,8,ابيض
3094,321,214,15,SISECAM,15,,8,ابيض
4861,321,214,16,Kaveh,15,,8,ابيض
5267,321,214,16,Grand Star,15,,8,ابيض
3355,321,214,18,Obeikan,15,,8,ابيض
89,321,214,19,SISECAM,15,,8,ابيض
2811,321,214,20,Saint Gobain,15,,8,ابيض
1312,330,214,,UFG,15,,8,ابيض
4621,330,214,,Kaveh,15,,8,ابيض
4622,330,214,16,Kaveh,15,,8,ابيض
90,330,214,17,UFG,15,,8,ابيض
3346,366,214,,Obeikan,15,,8,ابيض
3249,366,214,,Saint Gobain,15,,8,ابيض
1313,366,214,,Sphinx,15,,8,ابيض
1314,366,214,,UFG,15,,8,ابيض
5270,366,214,,Grand Star,15,,8,ابيض
91,366,214,13,Sphinx,15,,8,ابيض
92,366,214,15,UFG,15,,8,ابيض
2810,366,214,15,Saint Gobain,15,,8,ابيض
3347,366,214,16,Obeikan,15,,8,ابيض
5269,366,214,16,Grand Star,15,,8,ابيض
2809,366,214,18,Saint Gobain,15,,8,ابيض
1315,321,215,,SISECAM,15,,8,ابيض
93,321,215,15,SISECAM,15,,8,ابيض
3100,321,215,16,SISECAM,15,,8,ابيض
3251,321,225,,Saint Gobain,15,,8,ابيض
3028,321,225,,Guardian,15,,8,ابيض
1316,321,225,,SISECAM,15,,8,ابيض
4416,321,225,,Kaveh,15,,8,ابيض
3360,321,225,,Obeikan,15,,8,ابيض
3562,321,225,,Sphinx,15,,8,ابيض
5258,321,225,,Grand Star,15,,8,ابيض
3029,321,225,14,Guardian,15,,8,ابيض
3199,321,225,14,SISECAM,15,,8,ابيض
3563,321,225,14,Sphinx,15,,8,ابيض
4591,321,225,14,Kaveh,15,,8,ابيض
94,321,225,15,SISECAM,15,,8,ابيض
2803,321,225,16,SISECAM,15,,8,ابيض
4417,321,225,16,Kaveh,15,,8,ابيض
5259,321,225,16,Grand Star,15,,8,ابيض
3359,321,225,17,Obeikan,15,,8,ابيض
97,321,225,19,Saint Gobain,15,,8,ابيض
4284,366,225,,Impex,15,,8,ابيض
1318,366,225,,UFG,15,,8,ابيض
1317,366,225,,Sphinx,15,,8,ابيض
3295,366,225,,Obeikan,15,,8,ابيض
2804,366,225,,Saint Gobain,15,,8,ابيض
4414,366,225,,Kaveh,15,,8,ابيض
5232,366,225,,Guardian,15,,8,ابيض
5260,366,225,,Grand Star,15,,8,ابيض
5233,366,225,10,Guardian,15,,8,ابيض
95,366,225,13,Sphinx,15,,8,ابيض
96,366,225,14,UFG,15,,8,ابيض
3296,366,225,14,Obeikan,15,,8,ابيض
4297,366,225,14,Impex,15,,8,ابيض
4283,366,225,15,Impex,15,,8,ابيض
4415,366,225,16,Kaveh,15,,8,ابيض
5261,366,225,16,Grand Star,15,,8,ابيض
98,366,225,17,Saint Gobain,15,,8,ابيض
3362,321,244,,Obeikan,15,,8,ابيض
3252,321,244,,Saint Gobain,15,,8,ابيض
4420,321,244,,Kaveh,15,,8,ابيض
3361,321,244,15,Obeikan,15,,8,ابيض
4421,321,244,16,Kaveh,15,,8,ابيض
2808,321,244,18,Saint Gobain,15,,8,ابيض
1321,366,244,,Sphinx,15,,8,ابيض
3215,366,244,,Obeikan,15,,8,ابيض
4418,366,244,,Kaveh,15,,8,ابيض
3243,366,244,,Saint Gobain,15,,8,ابيض
4286,366,244,,Impex,15,,8,ابيض
4699,366,244,,Guardian,15,,8,ابيض
2802,366,244,11,Sphinx,15,,8,ابيض
99,366,244,12,Sphinx,15,,8,ابيض
4700,366,244,12,Guardian,15,,8,ابيض
3207,366,244,14,Obeikan,15,,8,ابيض
4285,366,244,15,Impex,15,,8,ابيض
2807,366,244,15,Saint Gobain,15,,8,ابيض
4419,366,244,16,Kaveh,15,,8,ابيض
2805,366,244,16,Saint Gobain,15,,8,ابيض
1323,321,245,,SISECAM,15,,8,ابيض
3643,321,245,13,SISECAM,15,,8,ابيض
100,321,245,14,SISECAM,15,,8,ابيض
101,321,245,15,SISECAM,15,,8,ابيض
1325,321,255,,SISECAM,15,,8,ابيض
102,321,255,12,SISECAM,15,,8,ابيض
3101,321,255,13,SISECAM,15,,8,ابيض
103,321,255,14,SISECAM,15,,8,ابيض
1327,366,255,,Sphinx,15,,8,ابيض
3723,366,255,,Obeikan,15,,8,ابيض
3254,366,255,,Saint Gobain,15,,8,ابيض
4701,366,255,,Guardian,15,,8,ابيض
104,366,255,10,Sphinx,15,,8,ابيض
105,366,255,11,Sphinx,15,,8,ابيض
4702,366,255,12,Guardian,15,,8,ابيض
3724,366,255,13,Obeikan,15,,8,ابيض
2815,366,255,15,Saint Gobain,15,,8,ابيض
1328,321,260,,SISECAM,15,,8,ابيض
3096,321,260,13,SISECAM,15,,8,ابيض
106,321,260,14,SISECAM,15,,8,ابيض
1329,360,280,,Sphinx,15,,8,ابيض
107,360,280,10,Sphinx,15,,8,ابيض
3025,450,260,,Guardian,16,,8,ابيض
1565,450,260,,SISECAM,16,,8,ابيض
343,450,260,7,SISECAM,17,,8,ابيض جامبو
1570,450,260,9,Guardian,17,,8,ابيض جامبو
1567,450,270,,Sphinx,17,,8,ابيض جامبو
344,450,270,8,Sphinx,17,,8,ابيض جامبو
345,450,270,10,Sphinx,17,,8,ابيض جامبو
3645,510,270,,Guardian,17,,8,ابيض جامبو
3646,510,270,11,Guardian,17,,8,ابيض جامبو
4382,321,510,,SISECAM,17,,8,ابيض جامبو
3665,321,510,7,SISECAM,17,,8,ابيض جامبو
4383,321,600,,SISECAM,18,,8,ابيض جامبو
3090,321,600,7,SISECAM,18,,8,ابيض جامبو
5147,,,,,18,,10,ابيض جامبو
5145,250,200,,Sphinx,18,,10,ابيض جامبو
5146,250,200,17,Sphinx,19,,10,ابيض
4443,,,,Kaveh,19,,10,ابيض
2474,,,,Impex,19,,10,ابيض
2475,,,,,20,,10,ابيض
1331,321,190,,SISECAM,20,,10,ابيض
108,321,190,14,SISECAM,20,,10,ابيض
109,321,190,15,SISECAM,20,,10,ابيض
3289,321,200,,Obeikan,20,,10,ابيض
3256,321,200,,Saint Gobain,20,,10,ابيض
1333,321,200,,SISECAM,20,,10,ابيض
4823,321,200,,Kaveh,20,,10,ابيض
5148,321,200,,Sphinx,20,,10,ابيض
110,321,200,13,SISECAM,20,,10,ابيض
4824,321,200,13,Kaveh,20,,10,ابيض
5149,321,200,13,Sphinx,20,,10,ابيض
3288,321,200,14,Obeikan,20,,10,ابيض
111,321,200,15,SISECAM,20,,10,ابيض
2816,321,200,17,Saint Gobain,20,,10,ابيض
3366,366,200,,Obeikan,20,,10,ابيض
1335,366,200,,UFG,20,,10,ابيض
3257,366,200,,Saint Gobain,20,,10,ابيض
1334,366,200,,Sphinx,20,,10,ابيض
4705,366,200,,Guardian,20,,10,ابيض
112,366,200,11,Sphinx,20,,10,ابيض
4706,366,200,11,Guardian,20,,10,ابيض
3365,366,200,13,Obeikan,20,,10,ابيض
113,366,200,13,UFG,20,,10,ابيض
2824,366,200,15,Saint Gobain,20,,10,ابيض
4902,321,210,,SISECAM,20,,10,ابيض
4903,321,210,15,SISECAM,20,,10,ابيض
3607,321,214,,SISECAM,20,,10,ابيض
3258,321,214,,Saint Gobain,20,,10,ابيض
3364,321,214,,Obeikan,20,,10,ابيض
4825,321,214,,Kaveh,20,,10,ابيض
3608,321,214,12,SISECAM,20,,10,ابيض
4826,321,214,13,Kaveh,20,,10,ابيض
3363,321,214,14,Obeikan,20,,10,ابيض
4330,321,214,15,SISECAM,20,,10,ابيض
2817,321,214,16,Saint Gobain,20,,10,ابيض
3298,366,214,,Obeikan,20,,10,ابيض
3259,366,214,,Saint Gobain,20,,10,ابيض
1336,366,214,,Sphinx,20,,10,ابيض
1337,366,214,,UFG,20,,10,ابيض
4703,366,214,,Guardian,20,,10,ابيض
114,366,214,11,Sphinx,20,,10,ابيض
4704,366,214,11,Guardian,20,,10,ابيض
115,366,214,12,UFG,20,,10,ابيض
3297,366,214,12,Obeikan,20,,10,ابيض
2818,366,214,14,Saint Gobain,20,,10,ابيض
1338,321,215,,SISECAM,20,,10,ابيض
116,321,215,12,SISECAM,20,,10,ابيض
3095,321,215,13,SISECAM,20,,10,ابيض
4405,321,225,,Kaveh,20,,10,ابيض
3168,321,225,,Saint Gobain,20,,10,ابيض
3050,321,225,,Guardian,20,,10,ابيض
3225,321,225,,Obeikan,20,,10,ابيض
1339,321,225,,SISECAM,20,,10,ابيض
5150,321,225,,Sphinx,20,,10,ابيض
3110,321,225,11,SISECAM,20,,10,ابيض
5151,321,225,11,Sphinx,20,,10,ابيض
3049,321,225,12,Guardian,20,,10,ابيض
3203,321,225,13,Obeikan,20,,10,ابيض
117,321,225,13,SISECAM,20,,10,ابيض
4406,321,225,13,Kaveh,20,,10,ابيض
2819,321,225,15,Saint Gobain,20,,10,ابيض
3131,366,225,,Obeikan,20,,10,ابيض
4389,366,225,,Kaveh,20,,10,ابيض
4290,366,225,,Impex,20,,10,ابيض
3260,366,225,,Saint Gobain,20,,10,ابيض
1342,366,225,,UFG,20,,10,ابيض
1341,366,225,,Sphinx,20,,10,ابيض
4997,366,225,,Guardian,20,,10,ابيض
118,366,225,9,Sphinx,20,,10,ابيض
119,366,225,10,Sphinx,20,,10,ابيض
120,366,225,11,UFG,20,,10,ابيض
3120,366,225,11,Obeikan,20,,10,ابيض
4998,366,225,11,Guardian,20,,10,ابيض
4289,366,225,12,Impex,20,,10,ابيض
4592,366,225,12,Kaveh,20,,10,ابيض
4390,366,225,13,Kaveh,20,,10,ابيض
2820,366,225,13,Saint Gobain,20,,10,ابيض
2821,366,225,14,Saint Gobain,20,,10,ابيض
4904,321,240,,SISECAM,20,,10,ابيض
3119,321,240,11,SISECAM,20,,10,ابيض
4905,321,240,12,SISECAM,20,,10,ابيض
3261,321,244,,Saint Gobain,20,,10,ابيض
4409,321,244,,Kaveh,20,,10,ابيض
3299,321,244,,Obeikan,20,,10,ابيض
5152,321,244,,Sphinx,20,,10,ابيض
5153,321,244,11,Sphinx,20,,10,ابيض
3300,321,244,12,Obeikan,20,,10,ابيض
4410,321,244,13,Kaveh,20,,10,ابيض
2823,321,244,14,Saint Gobain,20,,10,ابيض
3202,366,244,,Saint Gobain,20,,10,ابيض
4407,366,244,,Kaveh,20,,10,ابيض
3132,366,244,,Obeikan,20,,10,ابيض
4292,366,244,,Impex,20,,10,ابيض
1343,366,244,,Sphinx,20,,10,ابيض
4999,366,244,,Guardian,20,,10,ابيض
5240,366,244,,Grand Star,20,,10,ابيض
121,366,244,9,Sphinx,20,,10,ابيض
5000,366,244,10,Guardian,20,,10,ابيض
3121,366,244,11,Obeikan,20,,10,ابيض
4291,366,244,12,Impex,20,,10,ابيض
2831,366,244,12,Saint Gobain,20,,10,ابيض
4408,366,244,13,Kaveh,20,,10,ابيض
5241,366,244,13,Grand Star,20,,10,ابيض
1344,321,245,,SISECAM,20,,10,ابيض
3644,321,245,10,SISECAM,20,,10,ابيض
3170,321,245,11,SISECAM,20,,10,ابيض
122,321,245,12,SISECAM,20,,10,ابيض
1345,321,250,,SISECAM,20,,10,ابيض
123,321,250,12,SISECAM,20,,10,ابيض
3253,321,255,,Saint Gobain,20,,10,ابيض
1346,321,255,,SISECAM,20,,10,ابيض
5154,321,255,,Sphinx,20,,10,ابيض
3118,321,255,10,SISECAM,20,,10,ابيض
5155,321,255,10,Sphinx,20,,10,ابيض
124,321,255,11,SISECAM,20,,10,ابيض
2825,321,255,14,Saint Gobain,20,,10,ابيض
3725,366,255,,Obeikan,20,,10,ابيض
1348,366,255,,Sphinx,20,,10,ابيض
3122,366,255,,Saint Gobain,20,,10,ابيض
5001,366,255,,Guardian,20,,10,ابيض
125,366,255,6,Sphinx,20,,10,ابيض
126,366,255,9,Sphinx,20,,10,ابيض
5002,366,255,9,Guardian,20,,10,ابيض
3726,366,255,10,Obeikan,20,,10,ابيض
2826,366,255,12,Saint Gobain,20,,10,ابيض
1349,321,260,,SISECAM,20,,10,ابيض
3102,321,260,10,SISECAM,20,,10,ابيض
127,321,260,11,SISECAM,20,,10,ابيض
2545,,,,,20,,10,ابيض
1351,366,280,,Sphinx,20,,10,ابيض
129,366,280,8,Sphinx,21,,10,ابيض
2546,,,,,21,,10,ابيض
1568,450,260,,SISECAM,21,,10,ابيض
346,450,260,6,SISECAM,22,,10,ابيض جامبو
1569,450,270,,Sphinx,22,,10,ابيض جامبو
347,450,270,8,Sphinx,22,,10,ابيض جامبو
3647,510,270,,Guardian,22,,10,ابيض جامبو
1350,510,270,,Sphinx,22,,10,ابيض جامبو
128,510,270,8,Sphinx,22,,10,ابيض جامبو
3648,510,270,9,Guardian,22,,10,ابيض جامبو
4384,321,510,,SISECAM,22,,10,ابيض جامبو
3666,321,510,6,SISECAM,22,,10,ابيض جامبو
4385,321,600,,SISECAM,23,,10,ابيض جامبو
3091,321,600,6,SISECAM,23,,10,ابيض جامبو
4444,,,,Kaveh,23,,12,ابيض جامبو
2479,,,,,23,,12,ابيض جامبو
2477,,,,Impex,24,,12,ابيض
4930,250,200,,Sphinx,24,,12,ابيض
4931,250,200,14,Sphinx,24,,12,ابيض
5156,280,200,,Sphinx,24,,12,ابيض
5157,280,200,13,Sphinx,24,,12,ابيض
3048,321,200,,Guardian,24,,12,ابيض
3524,321,200,,Obeikan,24,,12,ابيض
1352,321,200,,UFG,24,,12,ابيض
1353,321,200,,SISECAM,24,,12,ابيض
4776,321,200,,Sphinx,24,,12,ابيض
3047,321,200,10,Guardian,24,,12,ابيض
4777,321,200,11,Sphinx,24,,12,ابيض
3525,321,200,12,Obeikan,24,,12,ابيض
3065,321,200,12,SISECAM,24,,12,ابيض
130,321,200,12,UFG,24,,12,ابيض
131,321,200,14,SISECAM,24,,12,ابيض
4667,330,200,,RIDER,24,,12,ابيض
4668,330,200,11,RIDER,24,,12,ابيض
1355,366,200,,Sphinx,24,,12,ابيض
3462,366,200,,Obeikan,24,,12,ابيض
1354,366,200,,Guardian,24,,12,ابيض
3262,366,200,,Saint Gobain,24,,12,ابيض
1356,366,200,,UFG,24,,12,ابيض
4665,366,200,,RIDER,24,,12,ابيض
132,366,200,9,Guardian,24,,12,ابيض
133,366,200,9,Sphinx,24,,12,ابيض
134,366,200,10,UFG,24,,12,ابيض
4666,366,200,10,RIDER,24,,12,ابيض
3463,366,200,11,Obeikan,24,,12,ابيض
2833,366,200,13,Saint Gobain,24,,12,ابيض
1361,321,214,,SISECAM,24,,12,ابيض
4778,321,214,,Sphinx,24,,12,ابيض
4779,321,214,10,Sphinx,24,,12,ابيض
4527,321,214,12,SISECAM,24,,12,ابيض
138,321,214,13,SISECAM,24,,12,ابيض
5040,330,214,,UFG,24,,12,ابيض
4643,330,214,,RIDER,24,,12,ابيض
4644,330,214,11,RIDER,24,,12,ابيض
5041,330,214,11,UFG,24,,12,ابيض
1358,366,214,,Sphinx,24,,12,ابيض
1357,366,214,,Guardian,24,,12,ابيض
3464,366,214,,Obeikan,24,,12,ابيض
1359,366,214,,UFG,24,,12,ابيض
4645,366,214,,RIDER,24,,12,ابيض
4631,366,214,,Impex,24,,12,ابيض
135,366,214,8,Guardian,24,,12,ابيض
136,366,214,9,Sphinx,24,,12,ابيض
137,366,214,10,UFG,24,,12,ابيض
3465,366,214,10,Obeikan,24,,12,ابيض
4632,366,214,10,Impex,24,,12,ابيض
4646,366,214,10,RIDER,24,,12,ابيض
3052,321,225,,Guardian,24,,12,ابيض
3581,321,225,,SISECAM ITALY,24,,12,ابيض
3491,321,225,,Obeikan,24,,12,ابيض
1360,321,225,,SISECAM,24,,12,ابيض
5210,321,225,,Saint Gobain,24,,12,ابيض
3567,321,225,9,SISECAM,24,,12,ابيض
3051,321,225,10,Guardian,24,,12,ابيض
3492,321,225,11,Obeikan,24,,12,ابيض
3383,321,225,11,SISECAM,24,,12,ابيض
139,321,225,12,SISECAM,24,,12,ابيض
5211,321,225,13,Saint Gobain,24,,12,ابيض
1362,330,225,,Sphinx,24,,12,ابيض
140,330,225,9,Sphinx,24,,12,ابيض
1363,366,225,,Guardian,24,,12,ابيض
4287,366,225,,Impex,24,,12,ابيض
1366,366,225,,UFG,24,,12,ابيض
1365,366,225,,Sphinx,24,,12,ابيض
3263,366,225,,Saint Gobain,24,,12,ابيض
3241,366,225,,Obeikan,24,,12,ابيض
4391,366,225,,Kaveh,24,,12,ابيض
4669,366,225,,RIDER,24,,12,ابيض
142,366,225,7,Sphinx,24,,12,ابيض
141,366,225,8,Guardian,24,,12,ابيض
3240,366,225,9,Obeikan,24,,12,ابيض
144,366,225,9,UFG,24,,12,ابيض
143,366,225,9,Sphinx,24,,12,ابيض
4288,366,225,10,Impex,24,,12,ابيض
5226,366,225,10,Saint Gobain,24,,12,ابيض
4670,366,225,10,RIDER,24,,12,ابيض
2834,366,225,11,Saint Gobain,24,,12,ابيض
4392,366,225,11,Kaveh,24,,12,ابيض
3527,321,244,,Obeikan,24,,12,ابيض
4780,321,244,,Sphinx,24,,12,ابيض
5208,321,244,,Saint Gobain,24,,12,ابيض
4781,321,244,9,Sphinx,24,,12,ابيض
3528,321,244,10,Obeikan,24,,12,ابيض
5209,321,244,11,Saint Gobain,24,,12,ابيض
1368,366,244,,Saint Gobain,24,,12,ابيض
1367,366,244,,Sphinx,24,,12,ابيض
4282,366,244,,Impex,24,,12,ابيض
4395,366,244,,Kaveh,24,,12,ابيض
3230,366,244,,Obeikan,24,,12,ابيض
4659,366,244,,RIDER,24,,12,ابيض
145,366,244,8,Sphinx,24,,12,ابيض
4661,366,244,8,RIDER,24,,12,ابيض
3229,366,244,9,Obeikan,24,,12,ابيض
4660,366,244,9,RIDER,24,,12,ابيض
146,366,244,10,Saint Gobain,24,,12,ابيض
4281,366,244,10,Impex,24,,12,ابيض
4396,366,244,11,Kaveh,24,,12,ابيض
1369,321,245,,SISECAM,24,,12,ابيض
147,321,245,10,SISECAM,24,,12,ابيض
1370,321,250,,SISECAM,24,,12,ابيض
148,321,250,10,SISECAM,24,,12,ابيض
1372,321,255,,Saint Gobain,24,,12,ابيض
1371,321,255,,SISECAM,24,,12,ابيض
3075,321,255,9,SISECAM,24,,12,ابيض
149,321,255,10,SISECAM,24,,12,ابيض
150,321,255,11,Saint Gobain,24,,12,ابيض
1373,366,255,,Sphinx,24,,12,ابيض
1374,366,255,,Saint Gobain,24,,12,ابيض
151,366,255,7,Sphinx,24,,12,ابيض
2832,366,255,8,Sphinx,24,,12,ابيض
152,366,255,10,Saint Gobain,24,,12,ابيض
2547,,,,,24,,12,ابيض
3046,450,260,,Guardian,24,,12,ابيض
3013,450,260,,UFG,25,,12,ابيض جامبو
348,450,260,6,UFG,25,,12,ابيض جامبو
3045,450,260,6,Guardian,25,,12,ابيض جامبو
3649,510,270,,Guardian,25,,12,ابيض جامبو
4963,510,270,,Sisecam,25,,12,ابيض جامبو
4964,510,270,5,Sisecam,25,,12,ابيض جامبو
3650,510,270,7,Guardian,25,,12,ابيض جامبو
4965,510,321,,Sisecam,25,,12,ابيض جامبو
4966,510,321,5,Sisecam,25,,12,ابيض جامبو
2484,,,,,,,15,ابيض جامبو
4447,,,,Kaveh,,,15,ابيض جامبو
5108,321,205,,SISECAM,26,,15,ابيض
5109,321,205,10,SISECAM,26,,15,ابيض
4296,225,214,,Impex,26,,15,ابيض
4323,225,214,10,Impex,26,,15,ابيض
4295,225,214,12,Impex,26,,15,ابيض
4537,330,214,,Shandont Fluent Glass,26,,15,ابيض
4550,330,214,8,Shandont Fluent Glass,26,,15,ابيض
4538,330,214,9,Shandont Fluent Glass,26,,15,ابيض
4539,330,214,10,Shandont Fluent Glass,26,,15,ابيض
4369,366,214,,Shandont Fluent Glass,26,,15,ابيض
4551,366,214,7,Shandont Fluent Glass,26,,15,ابيض
4536,366,214,8,Shandont Fluent Glass,26,,15,ابيض
4370,366,214,9,Shandont Fluent Glass,26,,15,ابيض
2838,321,225,,Pilkington,26,,15,ابيض
4422,321,225,,Grand Star,26,,15,ابيض
1375,321,225,,Sphinx,26,,15,ابيض
4782,321,225,,Saint Gobain,26,,15,ابيض
4451,321,225,,AGC,26,,15,ابيض
2837,321,225,7,Pilkington,26,,15,ابيض
153,321,225,8,Sphinx,26,,15,ابيض
4423,321,225,9,Grand Star,26,,15,ابيض
4450,321,225,9,AGC,26,,15,ابيض
4783,321,225,10,Saint Gobain,26,,15,ابيض
1377,330,225,,CSG,26,,15,ابيض
3146,330,225,,RIDER,26,,15,ابيض
5084,330,225,,Saint Gobain,26,,15,ابيض
154,330,225,7,CSG,26,,15,ابيض
3145,330,225,7,RIDER,26,,15,ابيض
155,330,225,9,CSG,26,,15,ابيض
5085,330,225,10,Saint Gobain,26,,15,ابيض
2845,366,225,,RIDER,26,,15,ابيض
1379,366,225,,CSG,26,,15,ابيض
1378,366,225,,Sphinx,26,,15,ابيض
4452,366,225,,Shandont Fluent Glass,26,,15,ابيض
156,366,225,7,Sphinx,26,,15,ابيض
2844,366,225,7,RIDER,26,,15,ابيض
157,366,225,8,RIDER,26,,15,ابيض
4453,366,225,9,Shandont Fluent Glass,26,,15,ابيض
2483,,,,,26,,15,ابيض
4784,321,244,,Saint Gobain,26,,15,ابيض
4785,321,244,9,Saint Gobain,27,,15,ابيض
3573,330,244,,RIDER,27,,15,ابيض
5086,330,244,,Saint Gobain,27,,15,ابيض
3572,330,244,8,RIDER,27,,15,ابيض
5087,330,244,9,Saint Gobain,27,,15,ابيض
3569,366,244,,RIDER,27,,15,ابيض
1380,366,244,,Sphinx,27,,15,ابيض
1381,366,244,,CSG,27,,15,ابيض
4547,366,244,,Shandont Fluent Glass,27,,15,ابيض
158,366,244,6,Sphinx,27,,15,ابيض
3570,366,244,7,RIDER,27,,15,ابيض
159,366,244,8,CSG,27,,15,ابيض
4546,366,244,8,Shandont Fluent Glass,27,,15,ابيض
2836,321,255,,Sphinx,27,,15,ابيض
4341,321,255,,AGC,27,,15,ابيض
2842,321,255,,Pilkington,27,,15,ابيض
2839,321,255,4,Pilkington,27,,15,ابيض
2840,321,255,5,Pilkington,27,,15,ابيض
2841,321,255,6,Pilkington,27,,15,ابيض
4340,321,255,7,AGC,27,,15,ابيض
2835,321,255,7,Sphinx,27,,15,ابيض
2482,,,,,27,,15,ابيض
2487,,,,,27,,19,ابيض
4597,330,214,,Shandong Fluent Glass,28,,19,ابيض
4598,330,214,8,Shandong Fluent Glass,29,,19,ابيض
4595,366,214,,Shandong Fluent Glass,29,,19,ابيض
4596,366,214,7,Shandong Fluent Glass,29,,19,ابيض
3218,330,225,,RIDER,29,,19,ابيض
4786,330,225,,Saint Gobain,29,,19,ابيض
2846,330,225,6,RIDER,29,,19,ابيض
160,330,225,7,RIDER,29,,19,ابيض
4787,330,225,8,Saint Gobain,29,,19,ابيض
3479,366,225,,SGG,29,,19,ابيض
1384,366,225,,CSG,29,,19,ابيض
2847,366,225,,RIDER,29,,19,ابيض
161,366,225,6,CSG,29,,19,ابيض
162,366,225,7,CSG,29,,19,ابيض
3478,366,225,8,SGG,29,,19,ابيض
2486,,,,,29,,19,ابيض
1386,366,244,,CSG,29,,19,ابيض
1385,366,244,,Shenzhen Yonjun,30,,19,ابيض
4662,366,244,,Shandong Fluent Glass,30,,19,ابيض
163,366,244,5,Shenzhen Yonjun,30,,19,ابيض
164,366,244,6,CSG,30,,19,ابيض
4656,366,244,6,Shandong Fluent Glass,30,,19,ابيض
2488,,,,,30,,4,ابيض
1387,225,161,,SISECAM,30,,4,ابيض
165,225,161,43,SISECAM,31,,4,اسود
4502,225,161,45,SISECAM,31,,4,اسود
3741,255,161,,SISECAM,31,,4,اسود
3740,255,161,50,SISECAM,31,,4,اسود
1389,321,225,,SISECAM,31,,4,اسود
166,321,225,32,SISECAM,31,,4,اسود
3264,321,225,33,SISECAM,31,,4,اسود
167,321,225,34,SISECAM,31,,4,اسود
2489,,,,,31,,5,اسود
5102,321,200,,SISECAM,31,,5,اسود
5103,321,200,30,SISECAM,32,,5,اسود
1390,321,214,,Sphinx,32,,5,اسود
4615,321,214,,SISECAM,32,,5,اسود
168,321,214,24,Sphinx,32,,5,اسود
4616,321,214,30,SISECAM,32,,5,اسود
4820,321,225,,SISECAM,32,,5,اسود
4821,321,225,27,SISECAM,32,,5,اسود
3689,,,,,32,,5.5,اسود
3506,244,183,,RU2 - Sphinx TR,32,,5.5,اسود
4561,244,183,,RU3 - Sphinx TR,33,,5.5,اسود
3507,244,183,35,RU2 - Sphinx TR,33,,5.5,اسود
4562,244,183,35,RU3 - Sphinx TR,33,,5.5,اسود
2851,330,183,,Sphinx Transition,33,,5.5,اسود
2850,330,183,25,Sphinx Transition,33,,5.5,اسود
1398,330,200,,Sphinx Transition,33,,5.5,اسود
176,330,200,23,Sphinx Transition,33,,5.5,اسود
3219,321,205,,Sphinx Transition,33,,5.5,اسود
3148,321,205,23,Sphinx Transition,33,,5.5,اسود
1401,330,205,,Sphinx Transition,33,,5.5,اسود
179,330,205,23,Sphinx Transition,33,,5.5,اسود
2853,321,214,,RU2 - Sphinx TR,33,,5.5,اسود
2849,321,214,,Sphinx Transition,33,,5.5,اسود
4559,321,214,,RU3 - Sphinx TR,33,,5.5,اسود
4585,321,214,20,RU3 - Sphinx TR,33,,5.5,اسود
4563,321,214,21,RU3 - Sphinx TR,33,,5.5,اسود
2852,321,214,22,RU2 - Sphinx TR,33,,5.5,اسود
4558,321,214,22,RU3 - Sphinx TR,33,,5.5,اسود
2848,321,214,24,Sphinx Transition,33,,5.5,اسود
1406,330,214,,Sphinx Transition,33,,5.5,اسود
3736,330,214,21,Sphinx Transition,33,,5.5,اسود
184,330,214,22,Sphinx Transition,33,,5.5,اسود
4567,321,225,,RU3 - Sphinx TR,33,,5.5,اسود
4565,321,225,,RU2 - Sphinx TR,33,,5.5,اسود
4564,321,225,21,RU2 - Sphinx TR,33,,5.5,اسود
4566,321,225,21,RU3 - Sphinx TR,33,,5.5,اسود
1409,330,225,,Sphinx Transition,33,,5.5,اسود
187,330,225,21,Sphinx Transition,33,,5.5,اسود
2491,,,,,33,,5.5,اسود
1391,225,161,,SISECAM,33,,5.5,اسود
169,225,161,32,SISECAM,34,,5.5,اسود
1392,321,180,,SISECAM,34,,5.5,اسود
170,321,180,29,SISECAM,34,,5.5,اسود
1393,321,183,,SISECAM,34,,5.5,اسود
171,321,183,28,SISECAM,34,,5.5,اسود
1394,321,190,,حجار,34,,5.5,اسود
1395,321,190,,SISECAM,34,,5.5,اسود
172,321,190,25,حجار,34,,5.5,اسود
2975,321,190,26,SISECAM,34,,5.5,اسود
173,321,190,27,SISECAM,34,,5.5,اسود
1397,321,200,,SISECAM,34,,5.5,اسود
1396,321,200,,SPHINX,34,,5.5,اسود
174,321,200,24,Sphinx,34,,5.5,اسود
2966,321,200,25,SISECAM,34,,5.5,اسود
175,321,200,26,SISECAM,34,,5.5,اسود
3324,321,200,27,SISECAM,34,,5.5,اسود
5274,330,200,,Globalstar - SGG,34,,5.5,اسود
5214,330,200,,Corpotrade - Blue Star,34,,5.5,اسود
5275,330,200,27,Globalstar - SGG,34,,5.5,اسود
5215,330,200,28,Corpotrade - Blue Star,34,,5.5,اسود
1399,321,205,,Sphinx,34,,5.5,اسود
1400,321,205,,SISECAM,34,,5.5,اسود
2970,321,205,24,SISECAM,34,,5.5,اسود
177,321,205,24,Sphinx,34,,5.5,اسود
178,321,205,25,SISECAM,34,,5.5,اسود
3340,321,205,27,SISECAM,34,,5.5,اسود
5276,330,205,,Globalstar - SGG,34,,5.5,اسود
5216,330,205,,Corpotrade - Blue Star,34,,5.5,اسود
5277,330,205,27,Globalstar - SGG,34,,5.5,اسود
5217,330,205,28,Corpotrade - Blue Star,34,,5.5,اسود
1402,321,210,,حجار,34,,5.5,اسود
1403,321,210,,SISECAM,34,,5.5,اسود
180,321,210,22,حجار,34,,5.5,اسود
2969,321,210,24,SISECAM,34,,5.5,اسود
181,321,210,25,SISECAM,34,,5.5,اسود
3326,321,210,27,SISECAM,34,,5.5,اسود
3743,321,214,,SISECAM,34,,5.5,اسود
1405,321,214,,حجار,34,,5.5,اسود
1404,321,214,,Sphinx,34,,5.5,اسود
182,321,214,22,Sphinx,34,,5.5,اسود
183,321,214,22,حجار,34,,5.5,اسود
3742,321,214,27,SISECAM,34,,5.5,اسود
5212,330,214,,Corpotrade - Blue Star,34,,5.5,اسود
5272,330,214,,Globalstar - SGG,34,,5.5,اسود
5273,330,214,27,Globalstar - SGG,34,,5.5,اسود
5213,330,214,28,Corpotrade - Blue Star,34,,5.5,اسود
1407,321,215,,SISECAM,34,,5.5,اسود
2973,321,215,23,SISECAM,34,,5.5,اسود
185,321,215,24,SISECAM,34,,5.5,اسود
3158,321,225,,Sphinx,34,,5.5,اسود
1408,321,225,,SISECAM,34,,5.5,اسود
3159,321,225,21,Sphinx,34,,5.5,اسود
2974,321,225,22,SISECAM,34,,5.5,اسود
186,321,225,24,SISECAM,34,,5.5,اسود
1410,321,235,,SISECAM,34,,5.5,اسود
2972,321,235,21,SISECAM,34,,5.5,اسود
188,321,235,22,SISECAM,34,,5.5,اسود
1411,321,245,,SISECAM,34,,5.5,اسود
2971,321,245,20,SISECAM,34,,5.5,اسود
189,321,245,21,SISECAM,34,,5.5,اسود
5105,321,245,22,SISECAM,34,,5.5,اسود
1412,321,250,,SISECAM,34,,5.5,اسود
190,321,250,20,SISECAM,34,,5.5,اسود
1413,321,255,,SISECAM,34,,5.5,اسود
3097,321,255,19,SISECAM,34,,5.5,اسود
5106,321,255,20,SISECAM,34,,5.5,اسود
191,321,255,21,SISECAM,34,,5.5,اسود
2495,,,,,34,,6,اسود
1414,321,225,,SISECAM,34,,6,اسود
192,321,225,22,SISECAM,35,,6,اسود
2496,,,,,35,,8,اسود
1415,321,225,,SISECAM,35,,8,اسود
193,321,225,16,SISECAM,36,,8,اسود
5265,366,225,,Globalstar - SGG,36,,8,اسود
5266,366,225,16,Globalstar - SGG,36,,8,اسود
3652,321,240,,SISECAM,36,,8,اسود
3653,321,240,15,SISECAM,36,,8,اسود
1416,366,244,,Sphinx,36,,8,اسود
4707,366,244,,Globalstar - SGG,36,,8,اسود
194,366,244,12,Sphinx,36,,8,اسود
4708,366,244,15,Globalstar - SGG,36,,8,اسود
1417,321,245,,SISECAM,36,,8,اسود
195,321,245,15,SISECAM,36,,8,اسود
2855,321,250,,SISECAM,36,,8,اسود
2854,321,250,14,SISECAM,36,,8,اسود
3493,321,255,,SISECAM,36,,8,اسود
3494,321,255,14,SISECAM,36,,8,اسود
2498,,,,,36,,10,اسود
4807,321,190,,SISECAM,36,,10,اسود
2960,321,190,12,SISECAM,37,,10,اسود
2992,366,214,,Sphinx,37,,10,اسود
2990,366,214,11,Sphinx,37,,10,اسود
1418,321,225,,SISECAM,37,,10,اسود
2991,321,225,,Sphinx,37,,10,اسود
2989,321,225,11,Sphinx,37,,10,اسود
3402,321,225,12,SISECAM,37,,10,اسود
196,321,225,13,SISECAM,37,,10,اسود
1419,321,240,,SISECAM,37,,10,اسود
2857,321,240,,Cebrace,37,,10,اسود
2856,321,240,11,Cebrace,37,,10,اسود
197,321,240,12,SISECAM,37,,10,اسود
1420,366,244,,Sphinx,37,,10,اسود
4709,366,244,,Globalstar - SGG,37,,10,اسود
198,366,244,9,Sphinx,37,,10,اسود
4710,366,244,12,Globalstar - SGG,37,,10,اسود
3166,321,255,,Sphinx,37,,10,اسود
1421,321,255,,SISECAM,37,,10,اسود
3167,321,255,10,Sphinx,37,,10,اسود
199,321,255,11,SISECAM,37,,10,اسود
2500,,,,,37,,12,اسود
4573,366,214,,Shandong Fluent Glass,37,,12,اسود
4869,366,214,,Globalstar - SGG,38,,12,اسود
5049,366,214,11,Globalstar - SGG,38,,12,اسود
4574,366,214,12,Shandong Fluent Glass,38,,12,اسود
4870,366,214,12,Globalstar - SGG,38,,12,اسود
3084,321,225,,EFG,38,,12,اسود
3085,321,225,9,EFG,38,,12,اسود
1422,366,225,,CHINA,38,,12,اسود
200,366,225,12,CHINA,38,,12,اسود
4711,366,244,,Globalstar - SGG,38,,12,اسود
4712,366,244,10,Globalstar - SGG,38,,12,اسود
4771,366,244,12,Globalstar - SGG,38,,12,اسود
2502,,,,,38,,3,اسود
1424,225,161,,Sphinx,38,,3,اسود
1423,225,161,,SISECAM,39,,3,برونز
201,225,161,57,SISECAM,39,,3,برونز
202,225,161,79,Sphinx,39,,3,برونز
1425,255,161,,SISECAM,39,,3,برونز
203,255,161,60,SISECAM,39,,3,برونز
1426,225,165,,SISECAM,39,,3,برونز
204,225,165,75,SISECAM,39,,3,برونز
2503,,,,,39,,3.7,برونز
1427,225,161,,SISECAM,39,,3.7,برونز
205,225,161,45,SISECAM,40,,3.7,برونز
2504,,,,,40,,4,برونز
1428,225,161,,SISECAM,40,,4,برونز
206,225,161,43,SISECAM,41,,4,برونز
3342,225,161,44,SISECAM,41,,4,برونز
1429,330,214,,CHINA,41,,4,برونز
207,330,214,40,CHINA,41,,4,برونز
4839,321,225,,SISECAM,41,,4,برونز
4840,321,225,34,SISECAM,41,,4,برونز
2506,,,,,41,,5,برونز
1430,225,161,,SISECAM,41,,5,برونز
208,225,161,40,SISECAM,42,,5,برونز
4617,244,183,,SISECAM,42,,5,برونز
4618,244,183,35,SISECAM,42,,5,برونز
4841,321,200,,SISECAM,42,,5,برونز
4842,321,200,29,SISECAM,42,,5,برونز
5247,330,200,,RIDER,42,,5,برونز
5248,330,200,31,RIDER,42,,5,برونز
1431,321,214,,SISECAM,42,,5,برونز
4460,321,214,,Kaveh,42,,5,برونز
4461,321,214,25,Kaveh,42,,5,برونز
209,321,214,29,SISECAM,42,,5,برونز
4568,321,214,30,SISECAM,42,,5,برونز
5253,330,214,,RIDER,42,,5,برونز
5254,330,214,31,RIDER,42,,5,برونز
4570,321,225,,SISECAM,42,,5,برونز
4569,321,225,27,SISECAM,42,,5,برونز
3542,,,,,42,,5.5,برونز
1432,225,161,,SISECAM,42,,5.5,برونز
210,225,161,32,SISECAM,43,,5.5,برونز
4322,,,,,43,,5.5,برونز
3728,330,183,,Sphinx Transition,43,,5.5,برونز
3727,330,183,25,Sphinx Transition,44,,5.5,برونز
1447,330,214,,Sphinx Transition,44,,5.5,برونز
225,330,214,22,Sphinx Transition,44,,5.5,برونز
1453,330,225,,Sphinx Transition,44,,5.5,برونز
231,330,225,20,Sphinx Transition,44,,5.5,برونز
2510,,,,,44,,5.5,برونز
1434,321,180,,SISECAM,44,,5.5,برونز
212,321,180,29,SISECAM,45,,5.5,برونز
1433,244,183,,Indonesia,45,,5.5,برونز
211,244,183,36,Indonesia,45,,5.5,برونز
2859,321,183,,SISECAM,45,,5.5,برونز
2858,321,183,27,SISECAM,45,,5.5,برونز
1435,330,183,,RIDER,45,,5.5,برونز
213,330,183,28,RIDER,45,,5.5,برونز
1436,321,190,,SISECAM,45,,5.5,برونز
3057,321,190,26,SISECAM,45,,5.5,برونز
214,321,190,27,SISECAM,45,,5.5,برونز
1437,330,190,,RIDER,45,,5.5,برونز
2861,330,190,,Qingdao Shining,45,,5.5,برونز
215,330,190,28,RIDER,45,,5.5,برونز
2860,330,190,31,Qingdao Shining,45,,5.5,برونز
1438,321,200,,SISECAM,45,,5.5,برونز
4458,321,200,,Kaveh,45,,5.5,برونز
4459,321,200,23,Kaveh,45,,5.5,برونز
3030,321,200,25,SISECAM,45,,5.5,برونز
216,321,200,26,SISECAM,45,,5.5,برونز
3475,321,200,27,SISECAM,45,,5.5,برونز
2862,330,200,,Qingdao Shining,45,,5.5,برونز
1439,330,200,,RIDER,45,,5.5,برونز
217,330,200,28,RIDER,45,,5.5,برونز
2863,330,200,30,Qingdao Shining,45,,5.5,برونز
1440,321,205,,SISECAM,45,,5.5,برونز
3058,321,205,24,SISECAM,45,,5.5,برونز
218,321,205,25,SISECAM,45,,5.5,برونز
3555,321,205,27,SISECAM,45,,5.5,برونز
2864,330,205,,Qingdao Shining,45,,5.5,برونز
3279,330,205,,Sphinx,45,,5.5,برونز
1441,330,205,,RIDER,45,,5.5,برونز
3278,330,205,21,Sphinx,45,,5.5,برونز
3161,330,205,23,Sphinx,45,,5.5,برونز
219,330,205,28,RIDER,45,,5.5,برونز
2865,330,205,29,Qingdao Shining,45,,5.5,برونز
1443,321,210,,Saint Gobain,45,,5.5,برونز
1442,321,210,,SISECAM,45,,5.5,برونز
3059,321,210,24,SISECAM,45,,5.5,برونز
220,321,210,25,SISECAM,45,,5.5,برونز
3564,321,210,27,SISECAM,45,,5.5,برونز
221,321,210,30,Saint Gobain,45,,5.5,برونز
1444,321,214,,Sphinx,45,,5.5,برونز
1445,321,214,,Saint Gobain,45,,5.5,برونز
4456,321,214,,Kaveh,45,,5.5,برونز
4571,321,214,,SISECAM,45,,5.5,برونز
222,321,214,22,Sphinx,45,,5.5,برونز
4457,321,214,23,Kaveh,45,,5.5,برونز
4572,321,214,27,SISECAM,45,,5.5,برونز
223,321,214,30,Saint Gobain,45,,5.5,برونز
1448,330,214,,RIDER,45,,5.5,برونز
3162,330,214,,Sphinx,45,,5.5,برونز
2867,330,214,,Qingdao Shining,45,,5.5,برونز
3772,330,214,,China,45,,5.5,برونز
3220,330,214,,Brilliant Haus Limited,45,,5.5,برونز
1446,330,214,,TR,45,,5.5,برونز
224,330,214,21,TR,45,,5.5,برونز
3163,330,214,22,Sphinx,45,,5.5,برونز
2866,330,214,28,Qingdao Shining,45,,5.5,برونز
2961,330,214,28,Brilliant Haus Limited,45,,5.5,برونز
226,330,214,28,RIDER,45,,5.5,برونز
3771,330,214,29,China,45,,5.5,برونز
1449,321,215,,SISECAM,45,,5.5,برونز
3060,321,215,23,SISECAM,45,,5.5,برونز
227,321,215,24,SISECAM,45,,5.5,برونز
1452,321,225,,Saint Gobain,45,,5.5,برونز
1451,321,225,,SISECAM,45,,5.5,برونز
3061,321,225,22,SISECAM,45,,5.5,برونز
228,321,225,23,SISECAM,45,,5.5,برونز
229,321,225,24,SISECAM,45,,5.5,برونز
230,321,225,28,Saint Gobain,45,,5.5,برونز
2869,330,225,,Qingdao Shining,45,,5.5,برونز
1454,330,225,,RIDER,45,,5.5,برونز
3164,330,225,,Sphinx,45,,5.5,برونز
3165,330,225,21,Sphinx,45,,5.5,برونز
2868,330,225,27,Qingdao Shining,45,,5.5,برونز
4681,330,225,27,RIDER,45,,5.5,برونز
232,330,225,28,RIDER,45,,5.5,برونز
1456,321,235,,Saint Gobain,45,,5.5,برونز
1455,321,235,,SISECAM,45,,5.5,برونز
3265,321,235,15,SISECAM,45,,5.5,برونز
3062,321,235,21,SISECAM,45,,5.5,برونز
233,321,235,22,SISECAM,45,,5.5,برونز
234,321,235,27,Saint Gobain,45,,5.5,برونز
1457,321,240,,SISECAM,45,,5.5,برونز
235,321,240,22,SISECAM,45,,5.5,برونز
1458,321,245,,SISECAM,45,,5.5,برونز
3063,321,245,20,SISECAM,45,,5.5,برونز
236,321,245,21,SISECAM,45,,5.5,برونز
3565,321,245,22,SISECAM,45,,5.5,برونز
1459,321,255,,SISECAM,45,,5.5,برونز
3327,321,255,20,SISECAM,45,,5.5,برونز
237,321,255,21,SISECAM,45,,5.5,برونز
2514,,,,,45,,6,برونز
1460,225,161,,SISECAM,45,,6,برونز
238,225,161,28,SISECAM,46,,6,برونز
4277,321,200,,SISECAM,46,,6,برونز
4276,321,200,25,SISECAM,46,,6,برونز
4275,321,205,,SISECAM,46,,6,برونز
4274,321,205,24,SISECAM,46,,6,برونز
1461,321,214,,SISECAM,46,,6,برونز
4273,321,214,25,SISECAM,46,,6,برونز
239,321,214,26,SISECAM,46,,6,برونز
1462,321,225,,SISECAM,46,,6,برونز
240,321,225,22,SISECAM,46,,6,برونز
2515,,,,,46,,8,برونز
4367,330,214,,RS Nigeria,46,,8,برونز
4368,330,214,19,RS Nigeria,47,,8,برونز
1463,321,225,,SISECAM,47,,8,برونز
4344,321,225,,AGC,47,,8,برونز
4338,321,225,,Saint Gobain,47,,8,برونز
4343,321,225,16,AGC,47,,8,برونز
241,321,225,16,SISECAM,47,,8,برونز
4337,321,225,19,Saint Gobain,47,,8,برونز
1464,330,225,,Sphinx,47,,8,برونز
242,330,225,14,Sphinx,47,,8,برونز
4301,366,244,,Saint Gobain,47,,8,برونز
1465,366,244,,Sphinx,47,,8,برونز
243,366,244,12,Sphinx,47,,8,برونز
4302,366,244,16,Saint Gobain,47,,8,برونز
1467,321,250,,SISECAM,47,,8,برونز
1466,321,250,,Sphinx,47,,8,برونز
244,321,250,13,Sphinx,47,,8,برونز
245,321,250,14,SISECAM,47,,8,برونز
4346,321,255,,AGC,47,,8,برونز
1468,321,255,,SISECAM,47,,8,برونز
4354,321,255,12,AGC,47,,8,برونز
4345,321,255,14,AGC,47,,8,برونز
246,321,255,14,SISECAM,47,,8,برونز
2517,,,,,47,,10,برونز
2871,321,214,,SISECAM,47,,10,برونز
2870,321,214,15,SISECAM,48,,10,برونز
4440,330,214,,RS Nigeria,48,,10,برونز
4441,330,214,15,RS Nigeria,48,,10,برونز
3291,360,220,,Cebrace,48,,10,برونز
3292,360,220,12,Cebrace,48,,10,برونز
3376,321,225,,SGG,48,,10,برونز
4333,321,225,,Saint Gobain,48,,10,برونز
1469,321,225,,SISECAM,48,,10,برونز
4334,321,225,11,Saint Gobain,48,,10,برونز
247,321,225,13,SISECAM,48,,10,برونز
3375,321,225,14,SGG,48,,10,برونز
4388,321,225,15,Saint Gobain,48,,10,برونز
1470,330,225,,Sphinx,48,,10,برونز
248,330,225,11,Sphinx,48,,10,برونز
3378,366,225,,SGG,48,,10,برونز
3377,366,225,12,SGG,48,,10,برونز
1471,321,240,,SISECAM,48,,10,برونز
249,321,240,12,SISECAM,48,,10,برونز
1472,366,244,,Sphinx,48,,10,برونز
3354,366,244,,EFG,48,,10,برونز
3353,366,244,9,EFG,48,,10,برونز
250,366,244,9,Sphinx,48,,10,برونز
1473,321,255,,SISECAM,48,,10,برونز
251,321,255,11,SISECAM,48,,10,برونز
2520,,,,,48,,12,برونز
1474,330,214,,CHINA,48,,12,برونز
252,330,214,12,CHINA,49,,12,برونز
3082,321,225,,EFG,49,,12,برونز
3083,321,225,9,EFG,49,,12,برونز
1475,366,225,,Shandjing,49,,12,برونز
253,366,225,12,Shandjing,49,,12,برونز
2521,,,,,49,,5.5,برونز
3007,321,200,,SISECAM,49,,5.5,برونز
3009,321,200,23,SISECAM,50,,5.5,اخضر فاتح
2872,321,200,25,SISECAM,50,,5.5,اخضر فاتح
4898,321,200,26,SISECAM,50,,5.5,اخضر فاتح
1476,330,200,,Sphinx,50,,5.5,اخضر فاتح
254,330,200,23,Sphinx,50,,5.5,اخضر فاتح
1477,321,205,,SISECAM,50,,5.5,اخضر فاتح
3467,321,205,22,SISECAM,50,,5.5,اخضر فاتح
3015,321,205,23,SISECAM,50,,5.5,اخضر فاتح
3014,321,205,25,SISECAM,50,,5.5,اخضر فاتح
1478,330,205,,Sphinx,50,,5.5,اخضر فاتح
256,330,205,23,Sphinx,50,,5.5,اخضر فاتح
1481,321,214,,SISECAM,50,,5.5,اخضر فاتح
1480,321,214,,Sphinx,50,,5.5,اخضر فاتح
257,321,214,20,Sphinx,50,,5.5,اخضر فاتح
259,321,214,21,SISECAM,50,,5.5,اخضر فاتح
258,321,214,22,Sphinx,50,,5.5,اخضر فاتح
4359,321,214,27,SISECAM,50,,5.5,اخضر فاتح
1482,330,214,,Sphinx,50,,5.5,اخضر فاتح
260,330,214,22,Sphinx,50,,5.5,اخضر فاتح
1483,321,225,,SISECAM,50,,5.5,اخضر فاتح
261,321,225,21,SISECAM,50,,5.5,اخضر فاتح
4358,321,225,24,SISECAM,50,,5.5,اخضر فاتح
1484,330,225,,Sphinx,50,,5.5,اخضر فاتح
262,330,225,21,Sphinx,50,,5.5,اخضر فاتح
1485,330,244,,Sphinx,50,,5.5,اخضر فاتح
263,330,244,19,Sphinx,50,,5.5,اخضر فاتح
2875,321,245,,SISECAM,50,,5.5,اخضر فاتح
2874,321,245,19,SISECAM,50,,5.5,اخضر فاتح
2523,,,,,50,,8,اخضر فاتح
1487,321,225,,SISECAM,50,,8,اخضر فاتح
4906,321,225,14,SISECAM,51,,8,اخضر فاتح
265,321,225,16,SISECAM,51,,8,اخضر فاتح
1488,330,225,,Sphinx,51,,8,اخضر فاتح
266,330,225,14,Sphinx,51,,8,اخضر فاتح
3549,321,240,,SISECAM,51,,8,اخضر فاتح
3550,321,240,15,SISECAM,51,,8,اخضر فاتح
1489,366,244,,Sphinx,51,,8,اخضر فاتح
267,366,244,12,Sphinx,51,,8,اخضر فاتح
3551,321,255,,SISECAM,51,,8,اخضر فاتح
3753,321,255,12,SISECAM,51,,8,اخضر فاتح
3552,321,255,15,SISECAM,51,,8,اخضر فاتح
2525,,,,,51,,10,اخضر فاتح
1491,321,225,,SISECAM,51,,10,اخضر فاتح
268,321,225,11,SISECAM,52,,10,اخضر فاتح
269,321,225,13,SISECAM,52,,10,اخضر فاتح
1492,330,225,,Sphinx,52,,10,اخضر فاتح
270,330,225,11,Sphinx,52,,10,اخضر فاتح
1493,366,244,,Sphinx,52,,10,اخضر فاتح
271,366,244,9,Sphinx,52,,10,اخضر فاتح
4908,321,255,,SISECAM,52,,10,اخضر فاتح
4909,321,255,11,SISECAM,52,,10,اخضر فاتح
2527,,,,,52,,12,اخضر فاتح
4542,330,214,,Shandong Fluent Glass,52,,12,اخضر فاتح
4543,330,214,11,Shandong Fluent Glass,53,,12,اخضر فاتح
1494,366,214,,RIDER,53,,12,اخضر فاتح
272,366,214,11,RIDER,53,,12,اخضر فاتح
2529,,,,,53,,5,اخضر فاتح
5174,,,,,53,,5.3,اخضر فاتح
5173,,,,,54,,5.3,اخضر غامق
5169,330,214,,Globalstar,56,,5.3,اخضر غامق
5170,330,214,29,Globalstar,56,,5.3,عاكس اخضر غامق
2528,,,,,56,,5.5,اخضر غامق
3386,165,214,,RIDER,56,,5.5,اخضر غامق
3387,165,214,32,RIDER,57,,5.5,اخضر غامق
4882,321,214,,SISECAM,57,,5.5,اخضر غامق
4361,321,214,,SISECAM,57,,5.5,اخضر غامق
4926,321,214,27,SISECAM,57,,5.5,اخضر
4362,321,214,27,SISECAM,57,,5.5,اخضر غامق
3221,330,214,,Zhongbo,57,,5.5,اخضر
1497,330,214,,RIDER,57,,5.5,اخضر غامق
3277,330,214,,Qingdao Shining,57,,5.5,اخضر غامق
1496,330,214,,Golden Falcon,57,,5.5,اخضر غامق
273,330,214,27,Golden Falcon,57,,5.5,اخضر غامق
275,330,214,28,RIDER,57,,5.5,اخضر غامق
3181,330,214,28,Zhongbo,57,,5.5,اخضر غامق
274,330,214,29,Golden Falcon,57,,5.5,اخضر غامق
3276,330,214,29,Qingdao Shining,57,,5.5,اخضر غامق
3403,330,214,29,RIDER,57,,5.5,اخضر غامق
3183,330,214,32,RIDER,57,,5.5,اخضر غامق
4883,321,225,,SISECAM,57,,5.5,اخضر غامق
4425,321,225,,SISECAM,57,,5.5,اخضر غامق
4426,321,225,20,SISECAM,57,,5.5,اخضر
4969,321,225,20,SISECAM,57,,5.5,اخضر غامق
4424,321,225,21,SISECAM,57,,5.5,اخضر غامق
1499,330,225,,RIDER,57,,5.5,اخضر
1498,330,225,,Golden Falcon,57,,5.5,اخضر غامق
3222,330,225,,Zhongbo,57,,5.5,اخضر غامق
276,330,225,26,Golden Falcon,57,,5.5,اخضر غامق
277,330,225,28,RIDER,57,,5.5,اخضر غامق
3182,330,225,28,Zhongbo,57,,5.5,اخضر غامق
4873,,,,Transition,57,,5.5,اخضر غامق
2531,,,,,57,,5.5,اخضر غامق
4874,321,214,,Sphinx Transition,58,,5.5,ازرق فاتح
4875,321,214,22,Sphinx Transition,59,,5.5,ازرق فاتح
1500,330,214,,Golden Falcon,59,,5.5,ازرق فاتح
278,330,214,27,Golden Falcon,59,,5.5,ازرق فاتح
4520,330,214,29,Golden Falcon,59,,5.5,ازرق فاتح
1501,321,215,,SISECAM,59,,5.5,ازرق فاتح
279,321,215,24,SISECAM,59,,5.5,ازرق فاتح
1502,321,225,,SISECAM,59,,5.5,ازرق فاتح
4876,321,225,,Sphinx Transition,59,,5.5,ازرق فاتح
4877,321,225,21,Sphinx Transition,59,,5.5,ازرق فاتح
3419,321,225,22,SISECAM,59,,5.5,ازرق فاتح
3345,321,225,23,SISECAM,59,,5.5,ازرق فاتح
3460,321,225,24,SISECAM,59,,5.5,ازرق فاتح
4671,330,225,,Golden Falcon,59,,5.5,ازرق فاتح
4672,330,225,28,Golden Falcon,59,,5.5,ازرق فاتح
2530,,,,,59,,6,ازرق فاتح
3501,321,225,,SISECAM,59,,6,ازرق فاتح
280,321,225,22,SISECAM,60,,6,ازرق فاتح
2532,,,,,60,,8,ازرق فاتح
1503,321,225,,SISECAM,60,,8,ازرق فاتح
281,321,225,16,SISECAM,61,,8,ازرق فاتح
5234,366,244,,SAINT GOBAIN,61,,8,ازرق فاتح
5235,366,244,15,SAINT GOBAIN,61,,8,ازرق فاتح
3496,321,250,,SISECAM,61,,8,ازرق فاتح
3495,321,250,14,SISECAM,61,,8,ازرق فاتح
1504,321,255,,SISECAM,61,,8,ازرق فاتح
282,321,255,14,SISECAM,61,,8,ازرق فاتح
2533,,,,,61,,10,ازرق فاتح
4540,330,214,,Shadong Fluent Glass,61,,10,ازرق فاتح
4541,330,214,15,Shadong Fluent Glass,62,,10,ازرق فاتح
5251,366,214,,RIDER,62,,10,ازرق فاتح
5252,366,214,14,RIDER,62,,10,ازرق فاتح
1505,366,225,,Jinjing,62,,10,ازرق فاتح
283,366,225,14,Jinjing,62,,10,ازرق فاتح
5249,366,244,,RIDER,62,,10,ازرق فاتح
5250,366,244,12,RIDER,62,,10,ازرق فاتح
2534,,,,,62,,5,ازرق فاتح
4365,330,214,,RS Nigeria,62,,5,ازرق فاتح
4366,330,214,30,RS Nigeria,64,,5,ازرق غامق
4427,,,,,64,,5.3,ازرق غامق
4371,330,214,,RS Nigeria,64,,5.3,ازرق غامق
5167,330,214,,Blue Star,66,,5.3,ازرق غامق
5168,330,214,28,Blue Star,66,,5.3,ازرق غامق
4372,330,214,29,RS Nigeria,66,,5.3,ازرق غامق
2535,,,,,66,,5.5,ازرق غامق
3390,165,214,,RIDER,66,,5.5,ازرق غامق
3391,165,214,32,RIDER,67,,5.5,ازرق غامق
1508,330,214,,Golden Falcon,67,,5.5,ازرق غامق
1507,330,214,,RIDER,67,,5.5,ازرق غامق
284,330,214,27,Golden Falcon,67,,5.5,ازرق غامق
286,330,214,28,Golden Falcon,67,,5.5,ازرق غامق
285,330,214,28,RIDER,67,,5.5,ازرق غامق
3517,330,214,29,Golden Falcon,67,,5.5,ازرق غامق
3641,330,214,29,RIDER,67,,5.5,ازرق غامق
4428,,,,,67,,6,ازرق غامق
4373,330,214,,RS Nigeria,67,,6,ازرق غامق
4374,330,214,25,RS Nigeria,68,,6,ازرق غامق
2537,,,,,68,,6,ازرق غامق
2538,,,,,68,,6,ازرق غامق
1509,321,214,,RIDER,70,,6,ايفير غرين
287,321,214,25,RIDER,70,,6,بلو غرين
1559,330,214,,,70,,6,بلو غرين
337,330,214,25,,70,,6,بلو غرين
2542,,,,,70,,5.5,بلو غرين
1563,321,214,,Sphinx,70,,5.5,بلو غرين
341,321,214,24,Sphinx,71,,5.5,اسود غامق
1564,330,214,,Zhongbo,71,,5.5,اسود غامق
342,330,214,28,Zhongbo,71,,5.5,اسود غامق
2536,,,,,71,,6,اسود غامق
1510,330,225,,CHINA,71,,6,اسود غامق
288,330,225,25,CHINA,72,,6,زهر
2665,,,,,72,,5.5,زهر
1553,225,160,,Sphinx,72,,5.5,زهر
331,225,160,43,Sphinx,73,,5.5,عاكس ابيض
1554,321,215,,SISECAM,73,,5.5,عاكس ابيض
332,321,215,24,SISECAM,73,,5.5,عاكس ابيض
2981,321,225,,Sphinx,73,,5.5,عاكس ابيض
1555,321,225,,SISECAM,73,,5.5,عاكس ابيض
2980,321,225,21,Sphinx,73,,5.5,عاكس ابيض
333,321,225,23,SISECAM,73,,5.5,عاكس ابيض
4967,,,,,73,,6,عاكس ابيض
2902,321,225,,SISECAM,73,,6,عاكس ابيض
4932,321,225,,Sphinx,74,,6,عاكس ابيض
4933,321,225,19,Sphinx,74,,6,عاكس ابيض
2896,321,225,22,SISECAM,74,,6,عاكس ابيض
5094,321,255,,SISECAM,74,,6,عاكس ابيض
5095,321,255,19,SISECAM,74,,6,عاكس ابيض
2667,,,,,74,,8,عاكس ابيض
1556,321,225,,SISECAM,74,,8,عاكس ابيض
4792,321,225,,Saint Gobain,75,,8,عاكس ابيض
334,321,225,16,SISECAM,75,,8,عاكس ابيض
4793,321,225,19,Saint Gobain,75,,8,عاكس ابيض
4794,321,244,,Saint Gobain,75,,8,عاكس ابيض
4795,321,244,18,Saint Gobain,75,,8,عاكس ابيض
1557,330,244,,Sphinx,75,,8,عاكس ابيض
335,330,244,13,Sphinx,75,,8,عاكس ابيض
5096,321,255,,SISECAM,75,,8,عاكس ابيض
5097,321,255,14,SISECAM,75,,8,عاكس ابيض
5065,,,,,75,,4,عاكس ابيض
5066,330,214,,Globalstar,75,,4,عاكس ابيض
5067,330,214,39,Globalstar,76,,4,عاكس اسود
5064,,,,,76,,5.3,عاكس اسود
5062,330,214,,Globalstar,76,,5.3,عاكس اسود
5063,330,214,29,Globalstar,77,,5.3,عاكس اسود
2669,,,,,77,,5.5,عاكس اسود
2994,244,183,,Sphinx,77,,5.5,عاكس اسود
2995,244,183,35,Sphinx,78,,5.5,عاكس اسود
1558,321,214,,Sphinx,78,,5.5,عاكس اسود
336,321,214,22,Sphinx,78,,5.5,عاكس اسود
5218,330,214,,Corpotrade - Blue Star,78,,5.5,عاكس اسود
5219,330,214,28,Corpotrade - Blue Star,78,,5.5,عاكس اسود
1718,321,215,,SISECAM,78,,5.5,عاكس اسود
496,321,215,23,SISECAM,78,,5.5,عاكس اسود
1719,321,225,,Sphinx,78,,5.5,عاكس اسود
1720,321,225,,SISECAM,78,,5.5,عاكس اسود
2993,321,225,20,Sphinx,78,,5.5,عاكس اسود
497,321,225,21,Sphinx,78,,5.5,عاكس اسود
498,321,225,23,SISECAM,78,,5.5,عاكس اسود
4910,321,225,24,SISECAM,78,,5.5,عاكس اسود
1721,321,245,,SISECAM,78,,5.5,عاكس اسود
499,321,245,21,SISECAM,78,,5.5,عاكس اسود
4977,,,,SISECAM,78,,6,عاكس اسود
4500,321,214,,SISECAM,78,,6,عاكس اسود
4501,321,214,25,SISECAM,79,,6,عاكس اسود
3739,321,225,,SISECAM,79,,6,عاكس اسود
3738,321,225,22,SISECAM,79,,6,عاكس اسود
2670,,,,,79,,8,عاكس اسود
1722,321,225,,SISECAM,79,,8,عاكس اسود
500,321,225,16,SISECAM,80,,8,عاكس اسود
2903,330,225,,CHINA,80,,8,عاكس اسود
3605,321,255,,SISECAM,80,,8,عاكس اسود
3606,321,255,14,SISECAM,80,,8,عاكس اسود
2671,,,,,80,,10,عاكس اسود
1723,321,225,,SISECAM,80,,10,عاكس اسود
501,321,225,13,SISECAM,81,,10,عاكس اسود
3730,321,255,,SISECAM,81,,10,عاكس اسود
3731,321,255,11,SISECAM,81,,10,عاكس اسود
5071,,,,,81,,4,عاكس اسود
2672,,,,,81,,4,عاكس اسود
1724,225,161,,Sphinx,83,,4,عاكس برونز
502,225,161,59,Sphinx,83,,4,عاكس برونز
5072,330,214,,REXI,83,,4,عاكس برونز
5073,330,214,38,REXI,83,,4,عاكس برونز
3715,,,,,83,,5,عاكس برونز
4454,330,214,,RS Nigeria,83,,5,عاكس برونز
4455,330,214,30,RS Nigeria,85,,5,عاكس برونز
5068,,,,,85,,5.3,عاكس برونز
5069,330,214,,REXI,85,,5.3,عاكس برونز
5070,330,214,29,REXI,86,,5.3,عاكس برونز
2677,,,,,86,,5.5,عاكس برونز
1725,244,183,,Sphinx,86,,5.5,عاكس برونز
503,244,183,35,Sphinx,87,,5.5,عاكس برونز
1726,321,200,,Sphinx,87,,5.5,عاكس برونز
504,321,200,24,Sphinx,87,,5.5,عاكس برونز
3367,165,214,,RIDER,87,,5.5,عاكس برونز
3373,165,214,45,RIDER,87,,5.5,عاكس برونز
3371,165,214,46,RIDER,87,,5.5,عاكس برونز
1727,321,214,,Sphinx,87,,5.5,عاكس برونز
4521,321,214,,Kaveh,87,,5.5,عاكس برونز
3179,321,214,20,Sphinx,87,,5.5,عاكس برونز
505,321,214,22,Sphinx,87,,5.5,عاكس برونز
4522,321,214,23,Kaveh,87,,5.5,عاكس برونز
3399,330,214,,Qingdao Shining,87,,5.5,عاكس برونز
1730,330,214,,Shandjing,87,,5.5,عاكس برونز
1729,330,214,,RIDER,87,,5.5,عاكس برونز
1728,330,214,,Golden Falcon,87,,5.5,عاكس برونز
507,330,214,28,RIDER,87,,5.5,عاكس برونز
3398,330,214,29,Qingdao Shining,87,,5.5,عاكس برونز
506,330,214,29,Golden Falcon,87,,5.5,عاكس برونز
1731,321,215,,SISECAM,87,,5.5,عاكس برونز
509,321,215,24,SISECAM,87,,5.5,عاكس برونز
1732,321,225,,Sphinx,87,,5.5,عاكس برونز
1733,321,225,,SISECAM,87,,5.5,عاكس برونز
510,321,225,21,Sphinx,87,,5.5,عاكس برونز
511,321,225,23,SISECAM,87,,5.5,عاكس برونز
1734,330,225,,Golden Falcon,87,,5.5,عاكس برونز
4683,330,225,,RIDER,87,,5.5,عاكس برونز
512,330,225,27,Golden Falcon,87,,5.5,عاكس برونز
4684,330,225,27,RIDER,87,,5.5,عاكس برونز
4633,,,,,87,,6,عاكس برونز
4613,321,214,,SISECAM,87,,6,عاكس برونز
4614,321,214,25,SISECAM,88,,6,عاكس برونز
4610,321,225,,SISECAM,88,,6,عاكس برونز
4611,321,225,22,SISECAM,88,,6,عاكس برونز
2680,,,,,88,,8,عاكس برونز
4893,330,214,,Bangmei,88,,8,عاكس برونز
4894,330,214,19,Bangmei,89,,8,عاكس برونز
1737,321,225,,SISECAM,89,,8,عاكس برونز
515,321,225,16,SISECAM,89,,8,عاكس برونز
1738,321,255,,SISECAM,89,,8,عاكس برونز
516,321,255,14,SISECAM,89,,8,عاكس برونز
2681,,,,,89,,10,عاكس برونز
1739,321,225,,SISECAM,89,,10,عاكس برونز
5082,321,225,,EFG,90,,10,عاكس برونز
5083,321,225,11,EFG,90,,10,عاكس برونز
517,321,225,13,SISECAM,90,,10,عاكس برونز
2682,,,,,90,,5.5,عاكس برونز
1740,330,214,,Sphinx,90,,5.5,عاكس برونز
518,330,214,22,Sphinx,91,,5.5,عاكس اخضر فاتح
1741,330,225,,Sphinx,91,,5.5,عاكس اخضر فاتح
519,330,225,21,Sphinx,91,,5.5,عاكس اخضر فاتح
2683,,,,,91,,6,عاكس اخضر فاتح
1742,321,225,,SISECAM,91,,6,عاكس اخضر فاتح
3674,321,225,22,SISECAM,92,,6,عاكس اخضر فاتح
520,321,225,23,SISECAM,92,,6,عاكس اخضر فاتح
2684,,,,,92,,8,عاكس اخضر فاتح
1743,330,214,,,92,,8,عاكس اخضر فاتح
521,330,214,19,,93,,8,عاكس اخضر
1744,321,225,,SISECAM,93,,8,عاكس اخضر
522,321,225,16,SISECAM,93,,8,عاكس اخضر
3301,321,225,18,SISECAM,93,,8,عاكس اخضر
2686,,,,,93,,4,عاكس اخضر
1745,214,153,,,93,,4,عاكس اخضر
523,214,153,75,,94,,4,عاكس اخضر غامق
1746,214,165,,RIDER,94,,4,عاكس اخضر غامق
524,214,165,63,RIDER,94,,4,عاكس اخضر غامق
2690,,,,,94,,5,عاكس اخضر غامق
5123,,,,RIDER,94,,5.3,عاكس اخضر غامق
5171,330,214,,Globalstar,95,,5.3,عاكس اخضر غامق
5172,330,214,29,Globalstar,97,,5.3,عاكس اخضر غامق
5121,366,214,,RIDER,97,,5.3,عاكس اخضر غامق
5122,366,214,26,RIDER,97,,5.3,عاكس اخضر غامق
2689,,,,,97,,5.5,عاكس اخضر غامق
3368,165,214,,FALCON,97,,5.5,عاكس اخضر غامق
3372,165,214,46,FALCON,98,,5.5,عاكس اخضر غامق
1748,330,214,,CHINA,98,,5.5,عاكس اخضر غامق
1747,330,214,,Golden Falcon,98,,5.5,عاكس اخضر غامق
4891,330,214,,Bangmei,98,,5.5,عاكس اخضر غامق
4647,330,214,,RIDER,98,,5.5,عاكس اخضر غامق
526,330,214,28,CHINA,98,,5.5,عاكس اخضر غامق
525,330,214,29,Golden Falcon,98,,5.5,عاكس اخضر غامق
4892,330,214,29,Bangmei,98,,5.5,عاكس اخضر غامق
4648,330,214,29,RIDER,98,,5.5,عاكس اخضر غامق
4448,366,214,,RIDER,98,,5.5,عاكس اخضر غامق
4449,366,214,25,RIDER,98,,5.5,عاكس اخضر غامق
1750,330,225,,,98,,5.5,عاكس اخضر غامق
1751,330,225,,Golden Falcon,98,,5.5,عاكس اخضر غامق
527,330,225,26,,98,,5.5,عاكس اخضر غامق
529,330,225,27,Golden Falcon,98,,5.5,عاكس اخضر غامق
528,330,225,27,,98,,5.5,عاكس اخضر غامق
2691,,,,,98,,5.5,عاكس اخضر غامق
1752,330,214,,Golden Falcon,98,,5.5,عاكس اخضر غامق
530,330,214,26,Golden Falcon,99,,5.5,عاكس ازرق فاتح
1753,321,225,,SISECAM,99,,5.5,عاكس ازرق فاتح
531,321,225,24,SISECAM,99,,5.5,عاكس ازرق فاتح
2962,330,225,,Golden Falcon,99,,5.5,عاكس ازرق فاتح
2963,330,225,24,Golden Falcon,99,,5.5,عاكس ازرق فاتح
532,330,225,26,Golden Falcon,99,,5.5,عاكس ازرق فاتح
2693,,,,,99,,6,عاكس ازرق فاتح
1755,321,225,,SISECAM,99,,6,عاكس ازرق فاتح
533,321,225,22,SISECAM,100,,6,عاكس ازرق فاتح
2695,,,,,100,,8,عاكس ازرق فاتح
2905,321,225,,SISECAM,100,,8,عاكس ازرق فاتح
2904,321,225,16,SISECAM,101,,8,عاكس ازرق فاتح
1756,330,225,,,101,,8,عاكس ازرق فاتح
1757,321,255,,SISECAM,101,,8,عاكس ازرق فاتح
535,321,255,14,SISECAM,101,,8,عاكس ازرق فاتح
2696,,,,,101,,5,عاكس ازرق فاتح
4375,330,214,,RS Nigeria,101,,5,عاكس ازرق فاتح
4376,330,214,30,RS Nigeria,102,,5,عاكس ازرق غامق
4431,,,,,102,,5.3,عاكس ازرق غامق
4377,330,214,,RS Nigeria,102,,5.3,عاكس ازرق غامق
5165,330,214,,Blue Star (Majed),104,,5.3,عاكس ازرق غامق
4378,330,214,28,RS Nigeria,104,,5.3,عاكس ازرق غامق
5166,330,214,29,Blue Star (Majed),104,,5.3,عاكس ازرق غامق
2698,,,,,104,,5.5,عاكس ازرق غامق
1759,330,214,,Golden Falcon,104,,5.5,عاكس ازرق غامق
1760,330,214,,RIDER,105,,5.5,عاكس ازرق غامق
4886,330,214,,Bangmei,105,,5.5,عاكس ازرق غامق
536,330,214,27,Golden Falcon,105,,5.5,عاكس ازرق غامق
538,330,214,28,RIDER,105,,5.5,عاكس ازرق غامق
537,330,214,29,Golden Falcon,105,,5.5,عاكس ازرق غامق
3642,330,214,29,RIDER,105,,5.5,عاكس ازرق غامق
4887,330,214,29,Bangmei,105,,5.5,عاكس ازرق غامق
1761,330,225,,,105,,5.5,عاكس ازرق غامق
539,330,225,28,,105,,5.5,عاكس ازرق غامق
4988,330,214,,RIDER,105,,6,عاكس ازرق غامق
4989,330,214,25,RIDER,105,,6,عاكس ازرق غامق
2678,,,,,106,,6,عاكس ازرق غامق
3226,330,214,,CHINA,106,,6,عاكس ازرق غامق
2964,330,214,25,CHINA,107,,6,عاكس زهر
1736,330,225,,CHINA,107,,6,عاكس زهر
514,330,225,25,CHINA,107,,6,عاكس زهر
2679,,,,,107,,6,عاكس زهر
1735,321,225,,SISECAM,107,,6,عاكس زهر
4934,321,225,,Sphinx,108,,6,عاكسSuperSilver
4935,321,225,19,Sphinx,108,,6,عاكسSuperSilver
513,321,225,22,SISECAM,108,,6,عاكسSuperSilver
2699,,,,,108,,6,عاكسSuperSilver
1764,321,225,,AGC,108,,6,عاكسSuperSilver
3461,321,225,20,AGC,109,,6,LOW-E
541,321,225,21,AGC,109,,6,LOW-E
542,321,225,22,AGC,109,,6,LOW-E
1765,321,244,,AGC,109,,6,LOW-E
543,321,244,17,AGC,109,,6,LOW-E
1766,321,255,,AGC,109,,6,LOW-E
544,321,255,19,AGC,109,,6,LOW-E
2700,,,,,109,,6,LOW-E
3067,321,225,,Obeikan,109,,6,LOW-E
1762,321,225,,Guardian,112,,6,LOW-E N70
4995,321,225,,SISECAM,112,,6,LOW-E
3548,321,225,10,Guardian,112,,6,LOW-E N70
540,321,225,19,Guardian,112,,6,LOW-E N71
3559,321,225,20,Guardian,112,,6,LOW-E N70
3069,321,225,21,Obeikan,112,,6,LOW-E N70
4996,321,225,21,SISECAM,112,,6,LOW-E N70
3634,321,225,26,Guardian,112,,6,LOW-E
3066,321,255,,Obeikan,112,,6,LOW-E N71
3400,321,255,,Guardian,112,,6,LOW-E N70
3401,321,255,16,Guardian,112,,6,LOW-E
3538,321,255,17,Guardian,112,,6,LOW-E N70
3068,321,255,18,Obeikan,112,,6,LOW-E N70
3675,321,255,22,Guardian,112,,6,LOW-E N70
2701,,,,,112,,8,LOW-E
2702,,,,,112,,8,LOW-E N70
3073,321,225,,Obeikan,113,,8,LOW-E
1767,321,225,,Guardian,115,,8,LOW-E N70
545,321,225,14,Guardian,115,,8,LOW-E
3560,321,225,15,Guardian,115,,8,LOW-E N70
3071,321,225,17,Obeikan,115,,8,LOW-E N70
4300,321,225,19,Guardian,115,,8,LOW-E N70
1768,321,244,,Guardian,115,,8,LOW-E
3074,321,255,,Obeikan,115,,8,LOW-E N70
2907,321,255,,Guardian,115,,8,LOW-E N70
2906,321,255,12,Guardian,115,,8,LOW-E
3561,321,255,13,Guardian,115,,8,LOW-E N70
3072,321,255,14,Obeikan,115,,8,LOW-E N70
3597,321,255,14,Guardian,115,,8,LOW-E N70
3676,321,255,17,Guardian,115,,8,LOW-E
2703,,,,Guardian,115,,10,LOW-E N70
1769,321,225,,Guardian,115,,10,LOW-E N70
547,321,225,12,Guardian,117,,10,عاكس LOW-E
4818,,,,,117,,5.5,LOW-E N70
4492,250,200,,SISECAM,117,,5.5,LOW-E N70
4491,250,200,29,SISECAM,118,,5.5,مشرط ابيض
2591,,,,,118,,6,مشرط ابيض
1642,252,180,,Guardian,118,,6,مشرط ابيض
420,252,180,22,Guardian,119,,6,مشرط ابيض
4727,244,183,,Jinjing,119,,6,مشرط ابيض
4728,244,183,37,Jinjing,119,,6,مشرط ابيض
5090,254,183,,Jinjing,119,,6,مشرط ابيض
5091,254,183,28,Jinjing,119,,6,مشرط ابيض
5017,252,186,,Jinjing,119,,6,مشرط ابيض
5018,252,186,36,Jinjing,119,,6,مشرط ابيض
1643,250,188,,Guardian,119,,6,مشرط ابيض
421,250,188,30,Guardian,119,,6,مشرط ابيض
3680,250,188,32,Guardian,119,,6,مشرط ابيض
1645,225,200,,SISECAM,119,,6,مشرط ابيض
423,225,200,30,SISECAM,119,,6,مشرط ابيض
5088,244,200,,Jinjing,119,,6,مشرط ابيض
5089,244,200,35,Jinjing,119,,6,مشرط ابيض
1646,250,200,,SISECAM,119,,6,مشرط ابيض
4858,250,200,,Jinjing,119,,6,مشرط ابيض
424,250,200,21,SISECAM,119,,6,مشرط ابيض
425,250,200,26,SISECAM,119,,6,مشرط ابيض
426,250,200,27,SISECAM,119,,6,مشرط ابيض
427,250,200,29,SISECAM,119,,6,مشرط ابيض
4859,250,200,33,Jinjing,119,,6,مشرط ابيض
422,250,200,34,SISECAM,119,,6,مشرط ابيض
4336,250,202,,Cairo Glass,119,,6,مشرط ابيض
4335,250,202,29,Cairo Glass,119,,6,مشرط ابيض
4798,250,202,30,Cairo Glass,119,,6,مشرط ابيض
3270,,,,,119,,6,مشرط ابيض
1650,321,200,,SISECAM,119,,6,مشرط ابيض
428,321,200,21,SISECAM,120,,6,مشرط ابيض
2592,,,,,120,,6,مشرط ابيض
2593,,,,,120,,6,مشرط ابيض
2594,,,,,121,,6,مشرط ابيض شفاف
1651,250,188,,Guardian,122,,6,مشرط ابيض دلتا
429,250,188,30,Guardian,123,,6,مشرط اسود
5163,250,200,,King Tai,123,,6,مشرط اسود
5192,250,200,22,King Tai,123,,6,مشرط اسود
5194,250,200,32,King Tai,123,,6,مشرط اسود
5164,250,200,33,King Tai,123,,6,مشرط اسود
1652,250,202,,Cairo Glass,123,,6,مشرط اسود
430,250,202,30,Cairo Glass,123,,6,مشرط اسود
2596,,,,,123,,6,مشرط اسود
1654,250,188,,Guardian,123,,6,مشرط اسود
5176,250,188,,SIG,124,,6,مشرط برونز
5184,250,188,24,SIG,124,,6,مشرط برونز
5182,250,188,25,SIG,124,,6,مشرط برونز
5179,250,188,26,SIG,124,,6,مشرط برونز
5177,250,188,27,SIG,124,,6,مشرط برونز
5180,250,188,28,SIG,124,,6,مشرط برونز
5178,250,188,29,SIG,124,,6,مشرط برونز
432,250,188,30,Guardian,124,,6,مشرط برونز
5181,250,188,30,SIG,124,,6,مشرط برونز
5185,250,188,31,SIG,124,,6,مشرط برونز
4268,250,188,32,Guardian,124,,6,مشرط برونز
1653,250,202,,Cairo Glass,124,,6,مشرط برونز
431,250,202,29,Cairo Glass,124,,6,مشرط برونز
1655,252,204,,Saint Gobain,124,,6,مشرط برونز
433,252,204,26,Saint Gobain,124,,6,مشرط برونز
2598,,,,,124,,6,مشرط برونز
1656,250,188,,,124,,6,مشرط برونز
434,250,188,24,,125,,6,مشرط اخضر
2597,,,,,125,,6,مشرط اخضر
2595,,,,,125,,6,مشرط اخضر
2599,,,,,126,,4,مشرط ازرق
1657,216,165,,SISECAM,127,,4,مشرط عسلي
435,216,165,44,SISECAM,128,,4,برش ابيض
1658,250,200,,,128,,4,برش ابيض
436,250,200,43,,128,,4,برش ابيض
2601,,,,,128,,5.5,برش ابيض
2879,240,185,,SISECAM,128,,5.5,برش ابيض
2878,240,185,33,SISECAM,129,,5.5,برش ابيض
1661,250,200,,Cairo Glass,129,,5.5,برش ابيض
1660,250,200,,SISECAM,129,,5.5,برش ابيض
2877,250,200,,UFG,129,,5.5,برش ابيض
5161,250,200,,El Nasr,129,,5.5,برش ابيض
437,250,200,22,SISECAM,129,,5.5,برش ابيض
2876,250,200,29,UFG,129,,5.5,برش ابيض
438,250,200,30,SISECAM,129,,5.5,برش ابيض
3286,250,200,31,UFG,129,,5.5,برش ابيض
5162,250,200,32,El Nasr,129,,5.5,برش ابيض
439,250,200,33,Cairo Glass,129,,5.5,برش ابيض
4802,250,205,,Cairo Glass,129,,5.5,برش ابيض
4803,250,205,33,Cairo Glass,129,,5.5,برش ابيض
3624,250,220,,SISECAM,129,,5.5,برش ابيض
3623,250,220,24,SISECAM,129,,5.5,برش ابيض
2881,321,220,,SISECAM,129,,5.5,برش ابيض
2880,321,220,19,SISECAM,129,,5.5,برش ابيض
3622,321,220,20,SISECAM,129,,5.5,برش ابيض
2603,,,,,129,,8,برش ابيض
1665,250,200,,Qingdao Jinjing,129,,8,برش ابيض
4979,250,200,,Cairo Glass,130,,8,برش ابيض
443,250,200,22,Qingdao Jinjing,130,,8,برش ابيض
4980,250,200,23,Cairo Glass,130,,8,برش ابيض
4884,250,200,25,Qingdao Jinjing,130,,8,برش ابيض
1662,250,220,,SISECAM,130,,8,برش ابيض
440,250,220,15,SISECAM,130,,8,برش ابيض
2883,321,240,,SISECAM,130,,8,برش ابيض
2882,321,240,15,SISECAM,130,,8,برش ابيض
441,321,240,16,SISECAM,130,,8,برش ابيض
2604,,,,,130,,10,برش ابيض
4970,244,183,,Bangmei,130,,10,برش ابيض
4971,244,183,24,Bangmei,131,,10,برش ابيض
1664,250,200,,Qingdao Jinjing,131,,10,برش ابيض
5050,250,200,,Cairo Glass,131,,10,برش ابيض
442,250,200,18,Qingdao Jinjing,131,,10,برش ابيض
5051,250,200,19,Cairo Glass,131,,10,برش ابيض
2606,,,,,131,,5,برش ابيض
4653,200,150,,BANGMEI,131,,5,برش ابيض
4654,200,150,60,BANGMEI,132,,5,برش اسود
1666,244,183,,TGQingdao,132,,5,برش اسود
4972,244,183,,BANGMEI,132,,5,برش اسود
444,244,183,40,TGQingdao,132,,5,برش اسود
4973,244,183,48,BANGMEI,132,,5,برش اسود
5129,250,200,,Globalstar,132,,5,برش اسود
5130,250,200,43,Globalstar,132,,5,برش اسود
5200,,,,,132,,5.3,برش اسود
5198,250,205,,Bisheng,132,,5.3,برش اسود
5201,250,205,38,Bisheng,133,,5.3,برش اسود
5199,250,205,42,Bisheng,133,,5.3,برش اسود
2607,,,,,133,,5.5,برش اسود
1667,250,204,,Cairo Glass,133,,5.5,برش اسود
445,250,204,29,Cairo Glass,134,,5.5,برش اسود
2609,,,,,134,,5.5,برش اسود
4279,250,188,,Guardian,134,,5.5,برش اسود
5134,250,188,,UFG,135,,5.5,برش برونز
4280,250,188,32,Guardian,135,,5.5,برش برونز
5135,250,188,34,UFG,135,,5.5,برش برونز
1669,250,200,,Cairo Glass,135,,5.5,برش برونز
447,250,200,33,Cairo Glass,135,,5.5,برش برونز
1668,250,204,,Cairo Glass,135,,5.5,برش برونز
446,250,204,29,Cairo Glass,135,,5.5,برش برونز
3103,250,204,30,Cairo Glass,135,,5.5,برش برونز
3348,252,204,,Saint Gobain,135,,5.5,برش برونز
3349,252,204,21,Saint Gobain,135,,5.5,برش برونز
3499,252,204,26,Saint Gobain,135,,5.5,برش برونز
4868,250,205,,Cairo Glass,135,,5.5,برش برونز
4805,250,205,33,Cairo Glass,135,,5.5,برش برونز
4329,250,210,,Cairo Glass,135,,5.5,برش برونز
4328,250,210,33,Cairo Glass,135,,5.5,برش برونز
3503,244,183,,china,135,,5.5,برش برونز
3502,244,183,45,china,135,,5.5,برش برونز
2652,,,,,136,,4,برش اخضر
1538,225,161,,Yorglas,136,,4,برش اخضر
3382,225,161,,SISECAM,137,,4,مغشى اسيد
3381,225,161,44,SISECAM,137,,4,مغشى اسيد
315,225,161,45,Yorglas,137,,4,مغشى اسيد
316,225,161,46,Yorglas,137,,4,مغشى اسيد
4687,225,165,,RIDER,137,,4,مغشى اسيد
4688,225,165,73,RIDER,137,,4,مغشى اسيد
1539,244,183,,XingHaoZhu,137,,4,مغشى اسيد
317,244,183,50,XingHaoZhu,137,,4,مغشى اسيد
2653,,,,,137,,6,مغشى اسيد
1540,244,183,,XingHaoZhu,137,,6,مغشى اسيد
318,244,183,35,XingHaoZhu,138,,6,مغشى اسيد
4363,321,200,,SISECAM,138,,6,مغشى اسيد
4364,321,200,21,SISECAM,138,,6,مغشى اسيد
4685,330,214,,RIDER,138,,6,مغشى اسيد
5074,330,214,,ZEDUAN,138,,6,مغشى اسيد
4686,330,214,25,RIDER,138,,6,مغشى اسيد
5075,330,214,25,ZEDUAN,138,,6,مغشى اسيد
5124,330,214,26,ZEDUAN,138,,6,مغشى اسيد
3308,161,225,,SISECAM,138,,6,مغشى اسيد
1541,321,225,,Yorglas,138,,6,مغشى اسيد
2999,321,225,,SISECAM,138,,6,مغشى اسيد
2998,321,225,19,SISECAM,138,,6,مغشى اسيد
319,321,225,22,Yorglas,138,,6,مغشى اسيد
4723,330,225,,RIDER,138,,6,مغشى اسيد
5076,330,225,,ZEDUAN,138,,6,مغشى اسيد
4724,330,225,24,RIDER,138,,6,مغشى اسيد
5077,330,225,25,ZEDUAN,138,,6,مغشى اسيد
2656,,,,,138,,8,مغشى اسيد
1544,321,225,,Yorglas,138,,8,مغشى اسيد
3000,321,225,,SISECAM,139,,8,مغشى اسيد
1543,321,225,,Dekor Glass,139,,8,مغشى اسيد
3039,321,225,14,SISECAM,139,,8,مغشى اسيد
321,321,225,16,Dekor Glass,139,,8,مغشى اسيد
322,321,225,17,Yorglas,139,,8,مغشى اسيد
1545,330,225,,,139,,8,مغشى اسيد
4725,330,225,,RIDER,139,,8,مغشى اسيد
5078,330,225,,ZEDUAN,139,,8,مغشى اسيد
323,330,225,16,,139,,8,مغشى اسيد
4726,330,225,18,RIDER,139,,8,مغشى اسيد
5079,330,225,19,ZEDUAN,139,,8,مغشى اسيد
2661,,,,,139,,10,مغشى اسيد
1549,321,225,,,139,,10,مغشى اسيد
1550,321,225,,Yorglas,140,,10,مغشى اسيد
3001,321,225,,SISECAM,140,,10,مغشى اسيد
3040,321,225,11,SISECAM,140,,10,مغشى اسيد
327,321,225,13,SISECAM,140,,10,مغشى اسيد
328,321,225,13,Yorglas,140,,10,مغشى اسيد
1551,330,225,,RIDER,140,,10,مغشى اسيد
5080,330,225,,ZEDUAN,140,,10,مغشى اسيد
329,330,225,14,RIDER,140,,10,مغشى اسيد
5188,330,225,14,ZEDUAN,140,,10,مغشى اسيد
5081,330,225,15,ZEDUAN,140,,10,مغشى اسيد
2663,,,,,140,,12,مغشى اسيد
1552,321,225,,Yorglas,140,,12,مغشى اسيد
330,321,225,11,Yorglas,141,,12,مغشى اسيد
3697,,,,,141,,3,مغشى اسيد
2610,,,,,141,,4,مغشى اسيد
3756,214,165,,CHINA,142,,4,مغشى ابيض
3757,214,165,35,CHINA,143,,4,مغشى ابيض
1670,220,165,,CHINA,143,,4,مغشى ابيض
448,220,165,50,CHINA,143,,4,مغشى ابيض
1671,244,183,,CHINA,143,,4,مغشى ابيض
449,244,183,53,CHINA,143,,4,مغشى ابيض
1672,330,214,,CHINA,143,,4,مغشى ابيض
450,330,214,35,CHINA,143,,4,مغشى ابيض
3698,,,,,143,,5,مغشى ابيض
2611,,,,,143,,6,مغشى ابيض
3200,321,180,,,144,,6,مغشى ابيض
3147,321,190,,,145,,6,مغشى ابيض
1673,330,215,,,145,,6,مغشى ابيض
451,330,215,24,,145,,6,مغشى ابيض
4731,,,,,145,,4,مغشى ابيض
4730,170,115,,REXI,145,,4,مغشى ابيض
4729,170,115,52,REXI,146,,4,زجاج ناري
2568,,,,,146,,3,زجاج ناري
1599,225,161,,CHINA,146,,3,زجاج ناري
3775,225,161,,SISECAM,147,,3,مرايا ابيض
4499,225,161,56,SISECAM,147,,3,مرايا ابيض
3774,225,161,57,SISECAM,147,,3,مرايا ابيض
377,225,161,82,CHINA,147,,3,مرايا ابيض
3269,244,183,,CHINA,147,,3,مرايا ابيض
3267,244,183,79,CHINA,147,,3,مرايا ابيض
3266,244,183,80,CHINA,147,,3,مرايا ابيض
2566,,,,,147,,3,مرايا ابيض
1598,225,161,,Haisen,147,,3,مرايا ابيض
376,225,161,80,Haisen,148,,3,مرايا ابيض
1600,230,161,,Bangmei,148,,3,مرايا ابيض
378,230,161,80,Bangmei,148,,3,مرايا ابيض
3055,225,165,,RIDER,148,,3,مرايا ابيض
1601,225,165,,Haisen,148,,3,مرايا ابيض
3424,225,165,,Qingdao Shining,148,,3,مرايا ابيض
4853,225,165,,Globalstar,148,,3,مرايا ابيض
379,225,165,80,Haisen,148,,3,مرايا ابيض
3423,225,165,95,Qingdao Shining,148,,3,مرايا ابيض
3056,225,165,96,RIDER,148,,3,مرايا ابيض
4854,225,165,98,Globalstar,148,,3,مرايا ابيض
1603,244,183,,Bangmei,148,,3,مرايا ابيض
1602,244,183,,Haisen,148,,3,مرايا ابيض
3053,244,183,,Benxi,148,,3,مرايا ابيض
3284,244,183,,Qingdao Shining,148,,3,مرايا ابيض
4920,244,183,,RIDER,148,,3,مرايا ابيض
4772,244,183,,Globalstar,148,,3,مرايا ابيض
5011,244,183,,JOYO,148,,3,مرايا ابيض
380,244,183,70,Haisen,148,,3,مرايا ابيض
5028,244,183,70,Globalstar,148,,3,مرايا ابيض
5012,244,183,73,JOYO,148,,3,مرايا ابيض
3054,244,183,78,Benxi,148,,3,مرايا ابيض
3285,244,183,78,Qingdao Shining,148,,3,مرايا ابيض
381,244,183,80,Bangmei,148,,3,مرايا ابيض
4490,244,183,80,Qingdao Shining,148,,3,مرايا ابيض
4921,244,183,80,RIDER,148,,3,مرايا ابيض
4773,244,183,82,Globalstar,148,,3,مرايا ابيض
5255,244,183,85,RIDER,148,,3,مرايا ابيض
3392,,,,,148,,4,مرايا ابيض
1616,244,77,,Pilkington,148,,4,مرايا ابيض
394,244,77,55,Pilkington,149,,4,مرايا ابيض صغير
1617,244,94,,Pilkington,149,,4,مرايا ابيض صغير
395,244,94,55,Pilkington,149,,4,مرايا ابيض صغير
2569,,,,,149,,4,مرايا ابيض صغير
4304,225,161,,SISECAM,149,,4,مرايا ابيض صغير
4305,225,161,43,SISECAM,150,,4,مرايا ابيض
1606,244,183,,Bangmei,150,,4,مرايا ابيض
3023,244,183,,Guardian,150,,4,مرايا ابيض
1605,244,183,,Intex,150,,4,مرايا ابيض
3024,244,183,44,Guardian,150,,4,مرايا ابيض
383,244,183,54,Intex,150,,4,مرايا ابيض
384,244,183,60,Bangmei,150,,4,مرايا ابيض
386,161,200,,SISECAM,150,,4,مرايا ابيض
3758,161,200,64,SISECAM,150,,4,مرايا ابيض
1608,321,200,,SISECAM,150,,4,مرايا ابيض
385,321,200,32,SISECAM,150,,4,مرايا ابيض
387,321,200,36,SISECAM,150,,4,مرايا ابيض
4583,321,200,37,SISECAM,150,,4,مرايا ابيض
4845,321,214,,SISECAM,150,,4,مرايا ابيض
4846,321,214,34,SISECAM,150,,4,مرايا ابيض
5227,321,214,39,SISECAM,150,,4,مرايا ابيض
5056,330,214,,JOYO,150,,4,مرايا ابيض
4675,330,214,,Globalstar,150,,4,مرايا ابيض
5057,330,214,36,JOYO,150,,4,مرايا ابيض
4676,330,214,38,Globalstar,150,,4,مرايا ابيض
3305,161,215,,SISECAM,150,,4,مرايا ابيض
1611,321,215,,SISECAM,150,,4,مرايا ابيض
388,321,215,30,SISECAM,150,,4,مرايا ابيض
3449,321,215,31,SISECAM,150,,4,مرايا ابيض
389,321,215,36,SISECAM,150,,4,مرايا ابيض
3306,161,225,,SISECAM,150,,4,مرايا ابيض
1613,321,225,,SISECAM,150,,4,مرايا ابيض
2885,321,225,,AGC,150,,4,مرايا ابيض
4788,321,225,,Saint Gobain,150,,4,مرايا ابيض
2886,321,225,28,SISECAM,150,,4,مرايا ابيض
390,321,225,29,SISECAM,150,,4,مرايا ابيض
4298,321,225,30,SISECAM,150,,4,مرايا ابيض
2884,321,225,32,AGC,150,,4,مرايا ابيض
3566,321,225,33,AGC,150,,4,مرايا ابيض
391,321,225,33,SISECAM,150,,4,مرايا ابيض
4494,321,225,34,SISECAM,150,,4,مرايا ابيض
4862,321,225,38,Saint Gobain,150,,4,مرايا ابيض
4789,321,225,39,Saint Gobain,150,,4,مرايا ابيض
4715,330,225,,Globalstar,150,,4,مرايا ابيض
4716,330,225,36,Globalstar,150,,4,مرايا ابيض
1615,321,245,,SISECAM,150,,4,مرايا ابيض
393,321,245,29,SISECAM,150,,4,مرايا ابيض
4847,321,255,,SISECAM,150,,4,مرايا ابيض
4848,321,255,29,SISECAM,150,,4,مرايا ابيض
2570,,,,,150,,4,مرايا ابيض
1604,244,183,,Qingdao Shining,150,,4,مرايا ابيض
3457,244,183,,Benxi,151,,4,مرايا ابيض
5013,244,183,,JOYO,151,,4,مرايا ابيض
4922,244,183,,RIDER,151,,4,مرايا ابيض
4774,244,183,,Globalstar,151,,4,مرايا ابيض
5014,244,183,54,JOYO,151,,4,مرايا ابيض
3456,244,183,56,Benxi,151,,4,مرايا ابيض
382,244,183,57,Qingdao Shining,151,,4,مرايا ابيض
3583,244,183,59,Qingdao Shining,151,,4,مرايا ابيض
3455,244,183,60,Benxi,151,,4,مرايا ابيض
4923,244,183,60,RIDER,151,,4,مرايا ابيض
4519,244,183,60,Qingdao Shining,151,,4,مرايا ابيض
4775,244,183,60,Globalstar,151,,4,مرايا ابيض
2582,,,,,151,,5,مرايا ابيض
1620,244,183,,Bangmei,151,,5,مرايا ابيض
3041,244,183,,Guardian,152,,5,مرايا ابيض
1618,244,183,,Intex,152,,5,مرايا ابيض
3042,244,183,36,Guardian,152,,5,مرايا ابيض
396,244,183,36,Intex,152,,5,مرايا ابيض
398,244,183,48,Bangmei,152,,5,مرايا ابيض
1621,321,200,,SISECAM,152,,5,مرايا ابيض
399,321,200,25,SISECAM,152,,5,مرايا ابيض
4871,321,200,26,SISECAM,152,,5,مرايا ابيض
5058,330,200,,JOYO,152,,5,مرايا ابيض
5059,330,200,32,JOYO,152,,5,مرايا ابيض
4974,165,214,,Globalstar,152,,5,مرايا ابيض
4975,165,214,30,Globalstar,152,,5,مرايا ابيض
4589,321,214,,SISECAM,152,,5,مرايا ابيض
4495,321,214,23,SISECAM,152,,5,مرايا ابيض
4911,321,214,26,SISECAM,152,,5,مرايا ابيض
4588,321,214,27,SISECAM,152,,5,مرايا ابيض
4912,321,214,30,SISECAM,152,,5,مرايا ابيض
1622,330,214,,Intex,152,,5,مرايا ابيض
5060,330,214,,JOYO,152,,5,مرايا ابيض
4673,330,214,,Globalstar,152,,5,مرايا ابيض
400,330,214,24,Intex,152,,5,مرايا ابيض
4674,330,214,30,Globalstar,152,,5,مرايا ابيض
5061,330,214,30,JOYO,152,,5,مرايا ابيض
1624,321,215,,SISECAM,152,,5,مرايا ابيض
402,321,215,24,SISECAM,152,,5,مرايا ابيض
3307,161,225,,SISECAM,152,,5,مرايا ابيض
2889,321,225,,AGC,152,,5,مرايا ابيض
1594,321,225,,SISECAM,152,,5,مرايا ابيض
4790,321,225,,Saint Gobain,152,,5,مرايا ابيض
372,321,225,22,SISECAM,152,,5,مرايا ابيض
403,321,225,23,SISECAM,152,,5,مرايا ابيض
3351,321,225,24,AGC,152,,5,مرايا ابيض
2888,321,225,26,AGC,152,,5,مرايا ابيض
4496,321,225,27,SISECAM,152,,5,مرايا ابيض
4791,321,225,30,Saint Gobain,152,,5,مرايا ابيض
4863,321,225,31,Saint Gobain,152,,5,مرايا ابيض
5054,330,225,,JOYO,152,,5,مرايا ابيض
4713,330,225,,Globalstar,152,,5,مرايا ابيض
5055,330,225,28,JOYO,152,,5,مرايا ابيض
4714,330,225,29,Globalstar,152,,5,مرايا ابيض
1628,321,250,,SISECAM,152,,5,مرايا ابيض
4603,321,250,20,SISECAM,152,,5,مرايا ابيض
405,321,250,23,SISECAM,152,,5,مرايا ابيض
406,321,250,25,SISECAM,152,,5,مرايا ابيض
4609,321,255,,SISECAM,152,,5,مرايا ابيض
4604,321,255,23,SISECAM,152,,5,مرايا ابيض
1630,321,260,,SISECAM,152,,5,مرايا ابيض
407,321,260,23,SISECAM,152,,5,مرايا ابيض
408,321,260,24,SISECAM,152,,5,مرايا ابيض
2577,,,,,152,,5,مرايا ابيض
1619,244,183,,Qingdao Shining,152,,5,مرايا ابيض
3459,244,183,,Benxi,153,,5,مرايا ابيض
5029,244,183,,Globalstar,153,,5,مرايا ابيض
5015,244,183,,JOYO,153,,5,مرايا ابيض
4924,244,183,,RIDER,153,,5,مرايا ابيض
397,244,183,45,Qingdao Shining,153,,5,مرايا ابيض
5016,244,183,45,JOYO,153,,5,مرايا ابيض
3593,244,183,47,Qingdao Shining,153,,5,مرايا ابيض
3458,244,183,48,Benxi,153,,5,مرايا ابيض
4925,244,183,48,RIDER,153,,5,مرايا ابيض
4554,244,183,48,Qingdao Shining,153,,5,مرايا ابيض
5030,244,183,48,Globalstar,153,,5,مرايا ابيض
2584,,,,,153,,6,مرايا ابيض
3206,244,183,,Guardian,153,,6,مرايا ابيض
1631,244,183,,Intex,154,,6,مرايا ابيض
3205,244,183,30,Guardian,154,,6,مرايا ابيض
409,244,183,35,Intex,154,,6,مرايا ابيض
1632,321,200,,SISECAM,154,,6,مرايا ابيض
410,321,200,21,SISECAM,154,,6,مرايا ابيض
4717,330,200,,Globalstar,154,,6,مرايا ابيض
4718,330,200,26,Globalstar,154,,6,مرايا ابيض
1633,321,210,,SISECAM,154,,6,مرايا ابيض
411,321,210,23,SISECAM,154,,6,مرايا ابيض
1595,321,225,,SISECAM,154,,6,مرايا ابيض
3043,321,225,,Guardian,154,,6,مرايا ابيض
2891,321,225,,AGC,154,,6,مرايا ابيض
4796,321,225,,Saint Gobain,154,,6,مرايا ابيض
373,321,225,18,SISECAM,154,,6,مرايا ابيض
412,321,225,19,SISECAM,154,,6,مرايا ابيض
3044,321,225,20,Guardian,154,,6,مرايا ابيض
2890,321,225,21,AGC,154,,6,مرايا ابيض
3393,321,225,22,AGC,154,,6,مرايا ابيض
4913,321,225,22,SISECAM,154,,6,مرايا ابيض
4797,321,225,26,Saint Gobain,154,,6,مرايا ابيض
4914,321,240,,SISECAM,154,,6,مرايا ابيض
4915,321,240,20,SISECAM,154,,6,مرايا ابيض
1637,321,245,,SISECAM,154,,6,مرايا ابيض
415,321,245,19,SISECAM,154,,6,مرايا ابيض
3004,321,250,,SISECAM,154,,6,مرايا ابيض
3005,321,250,17,SISECAM,154,,6,مرايا ابيض
5098,321,255,,SISECAM,154,,6,مرايا ابيض
5099,321,255,19,SISECAM,154,,6,مرايا ابيض
4916,321,260,,SISECAM,154,,6,مرايا ابيض
4917,321,260,18,SISECAM,154,,6,مرايا ابيض
2588,,,,,154,,8,مرايا ابيض
1639,321,225,,AGC,154,,8,مرايا ابيض
417,321,225,16,AGC,155,,8,مرايا ابيض
2564,,,,,155,,4,مرايا ابيض
2893,321,225,,SISECAM,155,,4,مرايا ابيض
2892,321,225,33,SISECAM,156,,4,مرايا اسود
3744,321,225,34,SISECAM,156,,4,مرايا اسود
1596,330,225,,CHINA,156,,4,مرايا اسود
3656,330,225,34,CHINA,156,,4,مرايا اسود
374,330,225,38,CHINA,156,,4,مرايا اسود
4606,321,255,,SISECAM,156,,4,مرايا اسود
4607,321,255,29,SISECAM,156,,4,مرايا اسود
3690,,,,,156,,5,مرايا اسود
4918,321,225,,SISECAM,156,,5,مرايا اسود
4919,321,225,27,SISECAM,157,,5,مرايا اسود
4600,321,255,,SISECAM,157,,5,مرايا اسود
4599,321,255,23,SISECAM,157,,5,مرايا اسود
2565,,,,,157,,6,مرايا اسود
1597,321,225,,SISECAM,157,,6,مرايا اسود
375,321,225,22,SISECAM,158,,6,مرايا اسود
3417,321,255,,SISECAM,158,,6,مرايا اسود
3418,321,255,19,SISECAM,158,,6,مرايا اسود
2574,,,,,158,,4,مرايا اسود
1614,321,225,,SISECAM,158,,4,مرايا اسود
4348,321,225,,AGC,159,,4,مرايا برونز
4347,321,225,33,AGC,159,,4,مرايا برونز
392,321,225,33,SISECAM,159,,4,مرايا برونز
3487,321,225,34,SISECAM,159,,4,مرايا برونز
2581,,,,,159,,5,مرايا برونز
1626,321,225,,SISECAM,159,,5,مرايا برونز
4357,321,225,,AGC,160,,5,مرايا برونز
4356,321,225,26,AGC,160,,5,مرايا برونز
404,321,225,27,SISECAM,160,,5,مرايا برونز
4339,321,255,,SISECAM,160,,5,مرايا برونز
4331,321,255,23,SISECAM,160,,5,مرايا برونز
2585,,,,,160,,6,مرايا برونز
2895,321,225,,AGC,160,,6,مرايا برونز
1635,321,225,,SISECAM,161,,6,مرايا برونز
413,321,225,18,SISECAM,161,,6,مرايا برونز
2894,321,225,21,AGC,161,,6,مرايا برونز
3397,321,225,22,AGC,161,,6,مرايا برونز
4623,321,225,22,SISECAM,161,,6,مرايا برونز
1636,321,240,,SISECAM,161,,6,مرايا برونز
414,321,240,18,SISECAM,161,,6,مرايا برونز
3139,321,250,,SISECAM,161,,6,مرايا برونز
3138,321,250,20,SISECAM,161,,6,مرايا برونز
4849,321,255,,SISECAM,161,,6,مرايا برونز
4850,321,255,19,SISECAM,161,,6,مرايا برونز
2589,,,,,161,,5,مرايا برونز
1640,330,214,,,161,,5,مرايا برونز
418,330,214,31,,162,,5,مرايا اخضر
3691,,,,,162,,6,مرايا اخضر
3692,,,,,162,,4,مرايا اخضر
2590,,,,,163,,5,مرايا اخضر
1641,330,214,,CHINA,164,,5,مرايا ازرق
419,330,214,31,CHINA,165,,5,مرايا ازرق
3693,,,,,165,,4,مرايا ازرق
2576,,,,,165,,5,مرايا ازرق
1623,330,214,,CHINA,166,,5,مرايا زهر
401,330,214,26,CHINA,167,,5,مرايا زهر
3694,,,,,167,,6,مرايا زهر
3695,,,,,167,,4,مرايا زهر
5003,330,214,,China,168,,4,مرايا زهر
5006,330,214,30,China,169,,4,مرايا ذهبي
5007,330,214,31,China,169,,4,مرايا ذهبي
5004,330,214,38,China,169,,4,مرايا ذهبي
5010,,,,,169,,5,مرايا ذهبي
5008,330,214,,China,169,,5,مرايا ذهبي
5009,330,214,36,China,170,,5,مرايا ذهبي
2586,,,,,170,,6,مرايا ذهبي
1638,321,250,,SISECAM,170,,6,مرايا ذهبي
416,321,250,20,SISECAM,171,,6,مرايا كريتسال ابيض
3002,321,255,,SISECAM,171,,6,مرايا كريتسال ابيض
5189,321,255,,SISECAM,171,,6,مرايا كريتسال ابيض
3003,321,255,19,SISECAM,171,,6,مرايا ابيض
2612,,,,,171,,4,مرايا كريتسال ابيض
1674,330,225,,CHINA,171,,4,مرايا كريتسال ابيض
452,330,225,34,CHINA,172,,4,مرايا معتق - رقم 1
2613,,,,,172,,6,مرايا معتق - رقم 1
4958,330,214,,CHINA,172,,6,مرايا معتق - رقم 1
4957,330,214,25,CHINA,173,,6,مرايا معتق - رقم 1
1675,330,225,,CHINA,173,,6,مرايا معتق - رقم 1
453,330,225,23,CHINA,173,,6,مرايا معتق - رقم 1
2615,,,,,173,,6,مرايا معتق - رقم 1
4960,366,214,,CHINA,173,,6,مرايا معتق - رقم 1
4959,366,214,23,CHINA,174,,6,مرايا معتق - رقم 2
1677,330,225,,CHINA,174,,6,مرايا معتق - رقم 2
455,330,225,23,CHINA,174,,6,مرايا معتق - رقم 2
3481,244,183,,CHINA,174,,6,مرايا معتق - رقم 2
3747,244,183,22,CHINA,174,,6,مرايا معتق - رقم 2
3482,244,183,,CHINA,175,,6,مرايا معتق - رقم 3
3748,244,183,24,CHINA,175,,6,مرايا معتق - رقم 3
4962,330,214,,CHINA,176,,6,مرايا معتق - رقم 4
4961,330,214,25,CHINA,176,,6,مرايا معتق - رقم 4
2614,,,,,177,,6,مرايا معتق - رقم 5
1676,330,225,,CHINA,177,,6,مرايا معتق - رقم 5
454,330,225,23,CHINA,178,,6,مرايا معتق - رقم 6
3480,244,183,,CHINA,178,,6,مرايا معتق - رقم 6
3746,244,183,21,CHINA,178,,6,مرايا معتق - رقم 6
2623,,,,,179,,6,مرايا معتق - رقم 7
1688,321,200,,SISECAM,179,,6,مرايا معتق - رقم 7
1686,321,200,,AGC,180,,6,تريبلكس ابيض
463,321,200,16,AGC,180,,6,تريبلكس ابيض
464,321,200,18,AGC,180,,6,تريبلكس ابيض
465,321,200,21,SISECAM,180,,6,تريبلكس ابيض
466,321,200,23,SISECAM,180,,6,تريبلكس ابيض
1689,321,215,,SISECAM,180,,6,تريبلكس ابيض
467,321,215,22,SISECAM,180,,6,تريبلكس ابيض
1690,321,225,,AGC,180,,6,تريبلكس ابيض
1692,321,225,,SISECAM,180,,6,تريبلكس ابيض
468,321,225,16,AGC,180,,6,تريبلكس ابيض
469,321,225,17,AGC,180,,6,تريبلكس ابيض
456,321,225,18,AGC,180,,6,تريبلكس ابيض
470,321,225,18,SISECAM,180,,6,تريبلكس ابيض
4465,321,225,21,SISECAM,180,,6,تريبلكس ابيض
1695,321,240,,SISECAM,180,,6,تريبلكس ابيض
473,321,240,19,SISECAM,180,,6,تريبلكس ابيض
1696,321,245,,SISECAM,180,,6,تريبلكس ابيض
2908,321,245,17,SISECAM,180,,6,تريبلكس ابيض
474,321,245,19,SISECAM,180,,6,تريبلكس ابيض
1697,321,255,,SISECAM,180,,6,تريبلكس ابيض
475,321,255,16,SISECAM,180,,6,تريبلكس ابيض
4530,321,255,18,SISECAM,180,,6,تريبلكس ابيض
3677,321,225,,SISECAM,180,,6.2,تريبلكس ابيض
3678,321,225,18,SISECAM,180,,6.2,تريبلكس ابيض
2629,,,,,181,,8,تريبلكس ابيض
3076,321,200,,SISECAM,181,,8,تريبلكس ابيض
1698,321,200,,AGC,182,,8,تريبلكس ابيض
476,321,200,14,AGC,182,,8,تريبلكس ابيض
2910,321,200,16,SISECAM,182,,8,تريبلكس ابيض
3629,321,214,,SISECAM,182,,8,تريبلكس ابيض
3630,321,214,18,SISECAM,182,,8,تريبلكس ابيض
1701,321,225,,AGC,182,,8,تريبلكس ابيض
1703,321,225,,Saint Gobain,182,,8,تريبلكس ابيض
2913,321,225,,SISECAM,182,,8,تريبلكس ابيض
3484,321,225,,SISECAM ITALY,182,,8,تريبلكس ابيض
478,321,225,12,AGC,182,,8,تريبلكس ابيض
2909,321,225,13,AGC,182,,8,تريبلكس ابيض
479,321,225,14,AGC,182,,8,تريبلكس ابيض
3483,321,225,14,SISECAM ITALY,182,,8,تريبلكس ابيض
2911,321,225,14,SISECAM,182,,8,تريبلكس ابيض
481,321,225,15,Saint Gobain,182,,8,تريبلكس ابيض
3631,321,225,16,SISECAM,182,,8,تريبلكس ابيض
2915,366,225,,CHINA,182,,8,تريبلكس ابيض
2914,366,225,15,CHINA,182,,8,تريبلكس ابيض
4313,321,240,,SISECAM,182,,8,تريبلكس ابيض
4311,321,240,13,SISECAM,182,,8,تريبلكس ابيض
1706,321,244,,AGC,182,,8,تريبلكس ابيض
483,321,244,8,AGC,182,,8,تريبلكس ابيض
484,321,244,10,AGC,182,,8,تريبلكس ابيض
485,321,244,12,AGC,182,,8,تريبلكس ابيض
486,321,244,13,AGC,182,,8,تريبلكس ابيض
487,321,244,14,AGC,182,,8,تريبلكس ابيض
3227,321,245,,SISECAM,182,,8,تريبلكس ابيض
2912,321,245,13,SISECAM,182,,8,تريبلكس ابيض
1710,321,255,,AGC,182,,8,تريبلكس ابيض
1711,321,255,,SISECAM,182,,8,تريبلكس ابيض
489,321,255,12,SISECAM,182,,8,تريبلكس ابيض
488,321,255,12,AGC,182,,8,تريبلكس ابيض
4531,321,255,13,SISECAM,182,,8,تريبلكس ابيض
5228,321,255,14,SISECAM,182,,8,تريبلكس ابيض
3684,321,275,,SISECAM,182,,8,تريبلكس ابيض
3685,321,275,11,SISECAM,182,,8,تريبلكس ابيض
2632,,,,,182,,8.2,تريبلكس ابيض
1712,321,225,,SISECAM,182,,8.2,تريبلكس ابيض
2916,321,225,13,SISECAM,183,,8.2,تريبلكس ابيض
3651,321,225,14,SISECAM,183,,8.2,تريبلكس ابيض
4991,321,225,15,SISECAM,183,,8.2,تريبلكس ابيض
2918,321,255,,SISECAM,183,,8.2,تريبلكس ابيض
2917,321,255,12,SISECAM,183,,8.2,تريبلكس ابيض
4992,321,255,13,SISECAM,183,,8.2,تريبلكس ابيض
2636,,,,,183,,10,تريبلكس ابيض
1714,321,200,,SISECAM,183,,10,تريبلكس ابيض
491,321,200,12,SISECAM,184,,10,تريبلكس ابيض
492,321,200,14,SISECAM,184,,10,تريبلكس ابيض
1715,321,215,,SISECAM,184,,10,تريبلكس ابيض
493,321,215,12,SISECAM,184,,10,تريبلكس ابيض
1680,321,225,,SISECAM,184,,10,تريبلكس ابيض
2921,321,225,,AGC,184,,10,تريبلكس ابيض
1716,321,225,,Pilkington,184,,10,تريبلكس ابيض
2920,321,225,9,AGC,184,,10,تريبلكس ابيض
2919,321,225,10,AGC,184,,10,تريبلكس ابيض
494,321,225,11,Pilkington,184,,10,تريبلكس ابيض
457,321,225,11,SISECAM,184,,10,تريبلكس ابيض
458,321,225,12,SISECAM,184,,10,تريبلكس ابيض
4532,321,225,13,SISECAM,184,,10,تريبلكس ابيض
1511,366,225,,XYG,184,,10,تريبلكس ابيض
289,366,225,11,XYG,184,,10,تريبلكس ابيض
1512,321,240,,Pilkington,184,,10,تريبلكس ابيض
3669,321,240,,SISECAM,184,,10,تريبلكس ابيض
290,321,240,10,Pilkington,184,,10,تريبلكس ابيض
3668,321,240,11,SISECAM,184,,10,تريبلكس ابيض
1513,321,245,,SISECAM,184,,10,تريبلكس ابيض
291,321,245,11,SISECAM,184,,10,تريبلكس ابيض
3112,321,255,,SISECAM,184,,10,تريبلكس ابيض
3113,321,255,10,SISECAM,184,,10,تريبلكس ابيض
5229,321,255,11,SISECAM,184,,10,تريبلكس ابيض
1515,321,260,,SISECAM,184,,10,تريبلكس ابيض
1514,321,260,,AGC,184,,10,تريبلكس ابيض
292,321,260,10,AGC,184,,10,تريبلكس ابيض
293,321,260,11,SISECAM,184,,10,تريبلكس ابيض
3716,321,255,,,184,,10.2,تريبلكس ابيض
2923,321,225,,SISECAM,184,,10.2,تريبلكس ابيض
2922,321,225,11,SISECAM,185,,10.2,تريبلكس ابيض
3116,321,255,,SISECAM,185,,10.2,تريبلكس ابيض
4308,321,255,9,SISECAM,185,,10.2,تريبلكس ابيض
3117,321,255,10,SISECAM,185,,10.2,تريبلكس ابيض
3571,434,258,,,185,,10.2,تريبلكس ابيض
2641,,,,,185,,12,تريبلكس ابيض
1516,321,200,,SISECAM,186,,12,تريبلكس ابيض جامبو
3201,321,200,10,SISECAM,187,,12,تريبلكس ابيض
294,321,200,12,SISECAM,187,,12,تريبلكس ابيض
1518,321,225,,AGC,187,,12,تريبلكس ابيض
1519,321,225,,Pilkington,187,,12,تريبلكس ابيض
1681,321,225,,SISECAM,187,,12,تريبلكس ابيض
296,321,225,8,AGC,187,,12,تريبلكس ابيض
297,321,225,9,Pilkington,187,,12,تريبلكس ابيض
459,321,225,9,SISECAM,187,,12,تريبلكس ابيض
4379,321,225,10,SISECAM,187,,12,تريبلكس ابيض
1517,366,225,,XYG,187,,12,تريبلكس ابيض
295,366,225,11,XYG,187,,12,تريبلكس ابيض
1522,321,240,,Pilkington,187,,12,تريبلكس ابيض
300,321,240,8,Pilkington,187,,12,تريبلكس ابيض
1523,321,245,,SISECAM,187,,12,تريبلكس ابيض
301,321,245,10,SISECAM,187,,12,تريبلكس ابيض
3115,321,255,,SISECAM,187,,12,تريبلكس ابيض
3114,321,255,8,SISECAM,187,,12,تريبلكس ابيض
4533,321,255,9,SISECAM,187,,12,تريبلكس ابيض
1525,321,260,,SISECAM,187,,12,تريبلكس ابيض
302,321,260,7,SISECAM,187,,12,تريبلكس ابيض
303,321,260,8,SISECAM,187,,12,تريبلكس ابيض
304,321,260,9,SISECAM,187,,12,تريبلكس ابيض
4555,,,,,187,,12.2,تريبلكس ابيض
4517,321,255,,SISECAM,187,,12.2,تريبلكس ابيض
4516,321,255,9,SISECAM,188,,12.2,تريبلكس ابيض
2645,,,,,188,,16.2,تريبلكس ابيض
1527,321,225,,SISECAM,188,,16.2,تريبلكس ابيض
305,321,225,8,SISECAM,189,,16.2,تريبلكس ابيض
4515,321,255,,SISECAM,189,,16.2,تريبلكس ابيض
4512,321,255,7,SISECAM,189,,16.2,تريبلكس ابيض
2619,,,,,189,,6,تريبلكس ابيض
1682,321,225,,SISECAM,189,,6,تريبلكس ابيض
460,321,225,18,SISECAM,190,,6,تريبلكس اسود
2621,,,,,190,,8,تريبلكس اسود
1683,321,225,,SISECAM,190,,8,تريبلكس اسود
461,321,225,14,SISECAM,191,,8,تريبلكس اسود
1684,330,225,,CHINA,191,,8,تريبلكس اسود
462,330,225,21,CHINA,191,,8,تريبلكس اسود
4509,321,255,,SISECAM,191,,8,تريبلكس اسود
4508,321,255,12,SISECAM,191,,8,تريبلكس اسود
2624,,,,,191,,6,تريبلكس اسود
1693,321,225,,SISECAM,191,,6,تريبلكس اسود
471,321,225,21,SISECAM,192,,6,تريبلكس برونز
3105,,,,,192,,8,تريبلكس برونز
1699,330,214,,,192,,8,تريبلكس برونز
477,330,214,20,,193,,8,تريبلكس برونز
1704,321,225,,SISECAM,193,,8,تريبلكس برونز
482,321,225,14,SISECAM,193,,8,تريبلكس برونز
4511,321,255,,SISECAM,193,,8,تريبلكس برونز
4510,321,255,12,SISECAM,193,,8,تريبلكس برونز
2637,,,,,193,,10,تريبلكس برونز
1717,321,225,,SISECAM,193,,10,تريبلكس برونز
495,321,225,11,SISECAM,194,,10,تريبلكس برونز
2643,,,,,194,,12,تريبلكس برونز
1520,321,225,,SISECAM,194,,12,تريبلكس برونز
298,321,225,10,SISECAM,195,,12,تريبلكس برونز
2646,,,,,195,,6,تريبلكس برونز
1529,330,214,,CHINA,195,,6,تريبلكس برونز
307,330,214,26,CHINA,196,,6,تريبلكس اخضر
3717,330,214,,,196,,8,تريبلكس اخضر
2925,330,214,,,196,,8,تريبلكس اخضر
2924,330,214,19,,197,,8,تريبلكس اخضر
2647,,,,,197,,6,تريبلكس اخضر
1531,321,225,,SISECAM,197,,6,تريبلكس اخضر
308,321,225,18,SISECAM,198,,6,تريبلكس مغشى
309,321,225,21,SISECAM,198,,6,تريبلكس مغشى
1694,321,240,,SISECAM,198,,6,تريبلكس مغشى
472,321,240,17,SISECAM,198,,6,تريبلكس مغشى
2631,,,,,198,,8,تريبلكس مغشى
1702,321,225,,SISECAM,198,,8,تريبلكس مغشى
480,321,225,14,SISECAM,199,,8,تريبلكس مغشى
4626,321,225,16,SISECAM,199,,8,تريبلكس مغشى
3734,321,255,,SISECAM,199,,8,تريبلكس مغشى
3735,321,255,12,SISECAM,199,,8,تريبلكس مغشى
4993,321,255,13,SISECAM,199,,8,تريبلكس مغشى
2648,,,,,199,,10,تريبلكس مغشى
1533,321,225,,SISECAM,199,,10,تريبلكس مغشى
310,321,225,11,SISECAM,200,,10,تريبلكس مغشى
311,321,225,12,SISECAM,200,,10,تريبلكس مغشى
1534,330,225,,LAUREL,200,,10,تريبلكس مغشى
312,330,225,13,LAUREL,200,,10,تريبلكس مغشى
2638,,,,,200,,12,تريبلكس مغشى
1521,321,225,,SISECAM,200,,12,تريبلكس مغشى
299,321,225,9,SISECAM,201,,12,تريبلكس مغشى
2644,,,,,201,,16.2,تريبلكس مغشى
1528,330,225,,CHINA,201,,16.2,تريبلكس مغشى
306,330,225,7,CHINA,202,,16.2,تريبلكس مغشى
2650,,,,,202,,8,تريبلكس مغشى
1536,321,255,,AGC,202,,8,تريبلكس مغشى
313,321,255,11,AGC,203,,8,تريبلكس LOW-E
314,321,255,12,AGC,203,,8,تريبلكس LOW-E
2655,,,,,203,,6.2,تريبلكس LOW-E
1542,321,225,,SISECAM,203,,6.2,تريبلكس LOW-E
320,321,225,18,SISECAM,204,,6.2,تريبلكسSilence
3632,321,225,20,SISECAM,204,,6.2,تريبلكسSilence
3280,321,255,,SISECAM,204,,6.2,تريبلكسSilence
3281,321,255,15,SISECAM,204,,6.2,تريبلكسSilence
2659,,,,,204,,8.2,تريبلكسSilence
1546,321,225,,SISECAM,204,,8.2,تريبلكسSilence
3729,321,225,13,SISECAM,205,,8.2,تريبلكسSilence
324,321,225,14,SISECAM,205,,8.2,تريبلكسSilence
325,321,225,15,SISECAM,205,,8.2,تريبلكسSilence
1548,321,245,,SISECAM,205,,8.2,تريبلكسSilence
326,321,245,13,SISECAM,205,,8.2,تريبلكسSilence
3732,321,255,,SISECAM,205,,8.2,تريبلكسSilence
3733,321,255,12,SISECAM,205,,8.2,تريبلكسSilence
4994,321,255,13,SISECAM,205,,8.2,تريبلكسSilence
4438,,,,,205,,10.2,تريبلكسSilence
3720,321,225,,SISECAM,205,,10.2,تريبلكسSilence
3721,321,225,11,SISECAM,206,,10.2,تريبلكسSilence
3282,321,255,,SISECAM,206,,10.2,تريبلكسSilence
3283,321,255,9,SISECAM,206,,10.2,تريبلكسSilence
4534,321,255,10,SISECAM,206,,10.2,تريبلكسSilence
4352,321,255,,,206,,12.2,تريبلكسSilence
4434,321,225,,SISECAM,206,,12.2,تريبلكسSilence
4435,321,225,9,SISECAM,207,,12.2,تريبلكسSilence
4306,321,255,,SISECAM,207,,12.2,تريبلكسSilence
4307,321,255,8,SISECAM,207,,12.2,تريبلكسSilence
4535,321,255,9,SISECAM,207,,12.2,تريبلكسSilence
2548,,,,,207,,4,تريبلكسSilence
1571,330,225,,,207,,4,تريبلكسSilence
349,330,225,30,,208,,4,كريستال
2549,,,,,208,,6,كريستال
1573,321,225,,AGC,208,,6,كريستال
3584,321,225,,SISECAM ITALY,209,,6,كريستال
3310,321,225,,SISECAM,209,,6,كريستال
3585,321,225,18,SISECAM ITALY,209,,6,كريستال
4990,321,225,19,AGC,209,,6,كريستال
4943,321,225,20,AGC,209,,6,كريستال
350,321,225,21,AGC,209,,6,كريستال
3309,321,225,22,SISECAM,209,,6,كريستال
351,321,225,22,AGC,209,,6,كريستال
1574,366,225,,XYG,209,,6,كريستال
5220,366,225,,Corpotrade - CSG,209,,6,كريستال
4719,366,225,,Jinjing - PPG,209,,6,كريستال
352,366,225,17,XYG,209,,6,كريستال
5221,366,225,20,Corpotrade - CSG,209,,6,كريستال
4720,366,225,24,Jinjing - PPG,209,,6,كريستال
1575,321,255,,AGC,209,,6,كريستال
353,321,255,19,AGC,209,,6,كريستال
4679,,,,,209,,6,كريستال
3031,366,244,,Golden Falcon,209,,6,كريستال
4693,366,244,,Jinjing - PPG,210,,6,كريستال
3032,366,244,24,Golden Falcon,210,,6,كريستال
4694,366,244,24,Jinjing - PPG,210,,6,كريستال
2551,,,,,210,,8,كريستال
3312,321,225,,SISECAM,210,,8,كريستال
3586,321,225,,SISECAM ITALY,211,,8,كريستال
1576,321,225,,AGC,211,,8,كريستال
3311,321,225,14,SISECAM,211,,8,كريستال
3587,321,225,14,SISECAM ITALY,211,,8,كريستال
354,321,225,16,AGC,211,,8,كريستال
5203,321,225,16,SISECAM,211,,8,كريستال
1578,366,225,,XYG,211,,8,كريستال
2987,366,225,,Hebei CSG,211,,8,كريستال
1577,366,225,,,211,,8,كريستال
4689,366,225,,Jinjing - PPG,211,,8,كريستال
356,366,225,12,XYG,211,,8,كريستال
355,366,225,12,,211,,8,كريستال
2986,366,225,16,Hebei CSG,211,,8,كريستال
4690,366,225,18,Jinjing - PPG,211,,8,كريستال
1580,321,255,,AGC,211,,8,كريستال
4528,321,255,,SISECAM,211,,8,كريستال
357,321,255,13,AGC,211,,8,كريستال
358,321,255,14,AGC,211,,8,كريستال
4529,321,255,14,SISECAM,211,,8,كريستال
3033,366,244,,Golden Falcon,211,,8,كريستال
4691,366,244,,Jinjing - PPG,211,,8,كريستال
3034,366,244,18,Golden Falcon,212,,8,كريستال
4692,366,244,18,Jinjing - PPG,212,,8,كريستال
2554,,,,,212,,10,كريستال
1581,321,225,,AGC,212,,10,كريستال
3588,321,225,,SISECAM ITALY,213,,10,كريستال
3314,321,225,,SISECAM,213,,10,كريستال
3589,321,225,11,SISECAM ITALY,213,,10,كريستال
3313,321,225,11,SISECAM,213,,10,كريستال
359,321,225,12,AGC,213,,10,كريستال
3751,321,225,13,AGC,213,,10,كريستال
5202,321,225,13,SISECAM,213,,10,كريستال
1582,366,225,,XYG,213,,10,كريستال
4721,366,225,,Jinjing - PPG,213,,10,كريستال
5222,366,225,,Corpotrade - CSG,213,,10,كريستال
3180,366,225,10,XYG,213,,10,كريستال
360,366,225,12,XYG,213,,10,كريستال
5223,366,225,12,Corpotrade - CSG,213,,10,كريستال
4722,366,225,14,Jinjing - PPG,213,,10,كريستال
1583,321,255,,AGC,213,,10,كريستال
361,321,255,11,AGC,213,,10,كريستال
3035,366,244,,Golden Falcon,213,,10,كريستال
4695,366,244,,Jinjing - PPG,213,,10,كريستال
3036,366,244,14,Golden Falcon,214,,10,كريستال
4696,366,244,14,Jinjing - PPG,214,,10,كريستال
2556,,,,,214,,12,كريستال
3590,321,225,,SISECAM ITALY,214,,12,كريستال
3316,321,225,,SISECAM,215,,12,كريستال
1584,321,225,,AGC,215,,12,كريستال
3591,321,225,9,SISECAM ITALY,215,,12,كريستال
362,321,225,10,AGC,215,,12,كريستال
3315,321,225,11,SISECAM,215,,12,كريستال
1585,330,225,,,215,,12,كريستال
363,330,225,14,,215,,12,كريستال
1586,366,225,,XYG,215,,12,كريستال
364,366,225,8,XYG,215,,12,كريستال
1587,321,255,,AGC,215,,12,كريستال
3275,321,255,8,AGC,215,,12,كريستال
365,321,255,9,AGC,215,,12,كريستال
3037,366,244,,Golden Falcon,215,,12,كريستال
3038,366,244,12,Golden Falcon,215,,12,كريستال
2558,,,,,216,,15,كريستال
4316,321,225,,AGC,216,,15,كريستال
4315,321,225,9,AGC,217,,15,كريستال
1588,330,225,,XYG,217,,15,كريستال
1589,330,225,,,217,,15,كريستال
366,330,225,8,XYG,217,,15,كريستال
367,330,225,11,,217,,15,كريستال
3134,366,225,,SGG,217,,15,كريستال
1590,366,225,,XYG,217,,15,كريستال
368,366,225,7,XYG,217,,15,كريستال
3133,366,225,9,SGG,217,,15,كريستال
4318,321,255,,AGC,217,,15,كريستال
4317,321,255,7,AGC,217,,15,كريستال
4309,321,510,,AGC,217,,15,كريستال
4310,321,510,4,AGC,217,,15,كريستال
2560,,,,,218,,19,كريستال جامبو
1592,330,225,,,218,,19,كريستال جامبو
1591,330,225,,CSG,219,,19,كريستال
369,330,225,6,CSG,219,,19,كريستال
370,330,225,9,,219,,19,كريستال
1593,366,225,,SGG,219,,19,كريستال
371,366,225,8,SGG,219,,19,كريستال
4624,,,,,219,,4,كريستال
4619,321,225,,SISECAM,219,,4,كريستال
4620,321,225,34,SISECAM,220,,4,مدهون اسود
5019,330,225,,LANDSON,220,,4,مدهون اسود
5020,330,225,35,LANDSON,220,,4,مدهون اسود
2705,,,,,220,,6,مدهون اسود
5024,330,225,,LANDSON,220,,6,مدهون اسود
5025,330,225,24,LANDSON,221,,6,مدهون اسود
1771,321,250,,SISECAM,221,,6,مدهون اسود
549,321,250,20,SISECAM,221,,6,مدهون اسود
4677,321,255,,SISECAM,221,,6,مدهون اسود
4678,321,255,19,SISECAM,221,,6,مدهون اسود
5021,,,,,221,,4,مدهون اسود
5022,330,225,,LANDSON,221,,4,مدهون اسود
5023,330,225,35,LANDSON,222,,4,كريستال مدهون ابيض
2704,,,,,222,,6,كريستال مدهون ابيض
1770,321,225,,SISECAM,222,,6,كريستال مدهون ابيض
548,321,225,22,SISECAM,223,,6,كريستال مدهون ابيض
5026,330,225,,LANDSON,223,,6,كريستال مدهون ابيض
5027,330,225,24,LANDSON,223,,6,كريستال مدهون ابيض
2706,,,,,223,,3,كريستال مدهون ابيض
1772,153,122,,,223,,3,كريستال مدهون ابيض
550,153,122,95,,224,,3,سادة اخضر
2707,,,,,224,,3,سادة اخضر
1773,153,122,,,224,,3,سادة اخضر
551,153,122,95,,225,,3,سادة ازرق
2708,,,,,225,,3,سادة ازرق
1774,153,122,,,225,,3,سادة ازرق
552,153,122,95,,226,,3,سادة عسلي
4949,,,,,226,,3.5,سادة عسلي
4950,214,160,,Cairo Glass,226,,3.5,سادة عسلي
5206,214,160,,El Nasr,,,3.5,محجر دلتا ابيض
5207,214,160,60,El Nasr,,,3.5,محجر دلتا ابيض
4951,214,160,68,Cairo Glass,,,3.5,محجر دلتا ابيض
2732,,,,,,,4,محجر دلتا ابيض
1788,220,140,,SISECAM,,,4,محجر دلتا ابيض
566,220,140,50,SISECAM,,,4,محجر دلتا ابيض
1794,214,160,,Cairo Glass,,,4,محجر دلتا ابيض
572,214,160,58,Cairo Glass,,,4,محجر دلتا ابيض
1799,220,160,,SISECAM,,,4,محجر دلتا ابيض
577,220,160,45,SISECAM,,,4,محجر دلتا ابيض
5197,,,,,,,3.5,محجر دلتا ابيض
5195,214,160,,El Nasr,,,3.5,محجر دلتا ابيض
5196,214,160,60,El Nasr,,,3.5,محجر بازل ابيض
2731,,,,,,,4,محجر بازل ابيض
1801,220,160,,SISECAM,,,4,محجر بازل ابيض
579,220,160,45,SISECAM,,,4,محجر بازل ابيض
5187,,,,Cairo Glass,,,3.5,محجر بازل ابيض
2730,,,,,,,4,محجر بازل ابيض
3520,200,160,,SPG,,,4,محجر دلتا برونز
1781,200,160,,Cairo Glass,,,4,محجر صليب ابيض
4651,200,160,,REXI,,,4,محجر صليب ابيض
575,200,160,66,Cairo Glass,,,4,محجر صليب ابيض
4652,200,160,70,REXI,,,4,محجر صليب ابيض
3521,200,160,93,SPG,,,4,محجر صليب ابيض
1797,214,160,,Cairo Glass,,,4,محجر صليب ابيض
5159,214,160,,El Nasr,,,4,محجر صليب ابيض
559,214,160,58,Cairo Glass,,,4,محجر صليب ابيض
5160,214,160,60,El Nasr,,,4,محجر صليب ابيض
3420,200,165,,SPG,,,4,محجر صليب ابيض
3421,200,165,72,SPG,,,4,محجر صليب ابيض
4649,214,183,,RIDER,,,4,محجر صليب ابيض
4650,214,183,56,RIDER,,,4,محجر صليب ابيض
2718,,,,,,,4,محجر صليب ابيض
1783,214,160,,Cairo Glass,,,4,محجر صليب ابيض
561,214,160,58,Cairo Glass,,,4,محجر طاووس ابيض
2715,,,,,,,4,محجر طاووس ابيض
1780,200,150,,,,,4,محجر طاووس ابيض
558,200,150,73,,,,4,محجر شلال ابيض
2717,,,,,,,4,محجر شلال ابيض
1782,200,150,,,,,4,محجر شلال ابيض
560,200,150,73,,,,4,محجر منقط ابيض
2735,,,,,,,5,محجر منقط ابيض
1804,244,183,,,,,5,محجر منقط ابيض
582,244,183,50,,,,5,محجر منقط ابيض
2733,,,,,,,4,محجر منقط ابيض
1798,220,160,,SISECAM,,,4,محجر منقط ابيض
576,220,160,45,SISECAM,,,4,محجر برش خشن ابيض
2726,,,,,,,4,محجر برش خشن ابيض
1793,214,160,,,,,4,محجر برش خشن ابيض
571,214,160,53,,,,4,محجر شانشيلا
2729,,,,,,,4,محجر شانشيلا
1800,214,160,,Cairo Glass,,,4,محجر شانشيلا
578,214,160,56,Cairo Glass,,,4,محجر فرزتشي
2710,,,,,,,5,محجر فرزتشي
1777,200,150,,,,,5,محجر فرزتشي
555,200,150,73,,,,5,محجر بامبو ابيض
2723,,,,,,,4,محجر بامبو ابيض
1786,183,122,,SPG,,,4,محجر بامبو ابيض
564,183,122,119,SPG,,,4,محجر زلحفة ابيض
3518,214,140,,SPG,,,4,محجر زلحفة ابيض
3519,214,140,102,SPG,,,4,محجر زلحفة ابيض
5271,280,210,,CHINA,,,5,محجر زلحفة ابيض
3714,,,,,,,4,محجر زلحفة ابيض
3713,,,,,,,4,مقلم كريستال
2719,,,,,,,5,محجر مطبع ابيض
1784,214,153,,,,,5,محجر مسدس عسلي
562,214,153,60,,,,5,محجر بازل اسود
1785,244,183,,Cairo Glass,,,5,محجر بازل اسود
4627,244,183,30,Cairo Glass,,,5,محجر بازل اسود
4628,244,183,38,Cairo Glass,,,5,محجر بازل اسود
4629,244,183,39,Cairo Glass,,,5,محجر بازل اسود
563,244,183,40,Cairo Glass,,,5,محجر بازل اسود
5052,214,160,,Cairo Glass,,,3.5,محجر بازل اسود
5053,214,160,68,Cairo Glass,,,3.5,محجر بازل اسود
2709,,,,,,,4,محجر دلتا برونز
1775,200,150,,,,,4,محجر دلتا برونز
553,200,150,73,,,,4,محجر دلتا برونز
1796,214,160,,,,,4,محجر دلتا برونز
1776,214,160,,Cairo Glass,,,4,محجر دلتا برونز
554,214,160,56,,,,4,محجر دلتا برونز
574,214,160,58,Cairo Glass,,,4,محجر دلتا برونز
3500,213,122,,,,,3,محجر دلتا برونز
2720,,,,,,,4,محجر دلتا برونز
1795,214,160,,Cairo Glass,,,4,محجر بازل برونز
573,214,160,58,Cairo Glass,,,4,محجر بازل برونز
2728,,,,,,,4,محجر بازل برونز
1789,200,150,,,,,4,محجر بازل برونز
567,200,150,73,,,,4,محجر طاووس برونز
2727,,,,,,,4,محجر طاووس برونز
1791,214,153,,,,,4,محجر طاووس برونز
568,214,153,50,,,,4,محجر شلال برونز
569,214,153,60,,,,4,محجر شلال برونز
2736,,,,,,,5,محجر شلال برونز
1802,214,153,,TGQingdao,,,5,محجر شلال برونز
580,214,153,60,TGQingdao,,,5,محجر بامبو برونز
1803,244,153,,,,,5,محجر بامبو برونز
581,244,153,40,,,,5,محجر بامبو برونز
1805,250,200,,Cairo Glass,,,5,محجر بامبو برونز
583,250,200,35,Cairo Glass,,,5,محجر بامبو برونز
2711,,,,,,,4,محجر بامبو برونز
1778,200,150,,,,,4,محجر بامبو برونز
556,200,150,73,,,,4,محجر زلحفة برونز
2712,,,,,,,4,محجر زلحفة برونز
1806,200,150,,,,,4,محجر زلحفة برونز
584,200,150,73,,,,4,محجر زلحفة اخضر
2713,,,,,,,4,محجر زلحفة اخضر
3553,214,140,,China,,,4,محجر زلحفة اخضر
3554,214,140,88,China,,,4,محجر زلحفة ازرق
1807,200,150,,,,,4,محجر زلحفة ازرق
585,200,150,73,,,,4,محجر زلحفة ازرق
1808,214,153,,,,,4,محجر زلحفة ازرق
586,214,153,73,,,,4,محجر زلحفة ازرق
2725,,,,,,,4,محجر زلحفة ازرق
4881,183,122,,TPG,,,4,محجر زلحفة ازرق
4880,183,122,104,TPG,,,4,محجر زلحفة عسلي
1779,200,150,,,,,4,محجر زلحفة عسلي
557,200,150,73,,,,4,محجر زلحفة عسلي
1792,214,153,,,,,4,محجر زلحفة عسلي
570,214,153,73,,,,4,محجر زلحفة عسلي
2724,,,,,,,4,محجر زلحفة عسلي
1787,214,140,,,,,4,محجر زلحفة عسلي
565,214,140,100,,,,4,محجر زلحفة خمري
2738,,,,,,,4,محجر زلحفة خمري
3413,225,161,,Dekor Glass,,,4,محجر زلحفة خمري
3412,225,161,45,Dekor Glass,,,4,دلتا اسيد ابيض
1809,220,165,,Henghao,,,4,دلتا اسيد ابيض
587,220,165,60,Henghao,,,4,دلتا اسيد ابيض
3705,,,,,,,4,دلتا اسيد ابيض
2748,,,,,,,4,دلتا اسيد ابيض
1823,220,165,,Henghao,,,4,شلال اسيد ابيض
601,220,165,60,Henghao,,,4,منقط اسيد ابيض
2928,244,183,,Henghao,,,5,منقط اسيد ابيض
3704,,,,,,,5,منقط اسيد ابيض
2742,,,,,,,4,منقط اسيد ابيض
2927,225,161,,Yorglas,,,4,بامبو مغشى اسيد ابيض
2926,225,161,46,Yorglas,,,4,سجادة اسيد ابيض
1812,220,165,,Henghao,,,4,سجادة اسيد ابيض
590,220,165,60,Henghao,,,4,سجادة اسيد ابيض
3468,225,165,,Henghao,,,4,سجادة اسيد ابيض
4889,225,165,46,Henghao,,,4,سجادة اسيد ابيض
2744,,,,,,,4,سجادة اسيد ابيض
3408,225,161,,Dekor Glass,,,4,سجادة اسيد ابيض
3409,225,161,45,Dekor Glass,,,4,عريشة اسيد ابيض
1818,220,165,,Henghao,,,4,عريشة اسيد ابيض
596,220,165,60,Henghao,,,4,عريشة اسيد ابيض
2746,,,,,,,4,عريشة اسيد ابيض
1821,220,165,,Henghao,,,4,عريشة اسيد ابيض
599,220,165,60,Henghao,,,4,وردة كارى اسيد ابيض
2740,,,,,,,4,وردة كارى اسيد ابيض
2930,225,161,,Yorglas,,,4,وردة كارى اسيد ابيض
2929,225,161,46,Yorglas,,,4,زيتوني اسيد ابيض
1813,220,165,,Henghao,,,4,زيتوني اسيد ابيض
591,220,165,60,Henghao,,,4,زيتوني اسيد ابيض
2751,,,,,,,4,زيتوني اسيد ابيض
3404,225,161,,Dekor Glass,,,4,زيتوني اسيد ابيض
3405,225,161,45,Dekor Glass,,,4,ياسمين اسيد ابيض
1825,220,165,,Henghao,,,4,ياسمين اسيد ابيض
4630,220,165,56,Henghao,,,4,ياسمين اسيد ابيض
603,220,165,57,Henghao,,,4,ياسمين اسيد ابيض
602,220,165,60,Henghao,,,4,ياسمين اسيد ابيض
3489,,,,,,,4,ياسمين اسيد ابيض
3021,225,161,,Yorglas,,,4,ياسمين اسيد ابيض
3020,225,161,46,Yorglas,,,4,مقلم اسيد ابيض
2754,,,,,,,5,مقلم اسيد ابيض
3379,244,183,,Qingdao Jinjing,,,5,مقلم اسيد ابيض
1830,244,183,,Shanghai Xiangshi,,,5,مقلم اسيد ابيض
3380,244,183,40,Qingdao Jinjing,,,5,مقلم اسيد ابيض
607,244,183,40,Shanghai Xiangshi,,,5,مقلم اسيد ابيض
3701,225,161,,,,,4,مقلم اسيد ابيض
2934,225,161,,Yorglas,,,4,مقلم اسيد ابيض
2933,225,161,46,Yorglas,,,4,نانسي اسيد ابيض
3719,225,161,,,,,4,نانسي اسيد ابيض
2932,225,161,,Yorglas,,,4,نانسي اسيد ابيض
2931,225,161,46,Yorglas,,,4,جنزير اسيد ابيض
2739,,,,,,,4,جنزير اسيد ابيض
3415,225,161,,Dekor Glass,,,4,جنزير اسيد ابيض
3414,225,161,45,Dekor Glass,,,4,دلتا اسيد برونز
2945,220,165,,Henghao,,,4,دلتا اسيد برونز
588,220,165,60,Henghao,,,4,دلتا اسيد برونز
2944,220,165,73,Henghao,,,4,دلتا اسيد برونز
1811,225,165,,Henghao,,,4,دلتا اسيد برونز
589,225,165,60,Henghao,,,4,دلتا اسيد برونز
3706,,,,,,,4,دلتا اسيد برونز
3707,225,161,,,,,4,دلتا اسيد برونز
2939,225,161,,Yorglas,,,4,شلال اسيد برونز
2938,225,161,46,Yorglas,,,4,منقط اسيد برونز
2937,220,165,,Henghao,,,4,منقط اسيد برونز
3712,,,,,,,5,منقط اسيد برونز
2743,,,,,,,4,منقط اسيد برونز
2941,225,161,,Yorglas,,,4,بامبو مغشى برونز
2940,225,161,46,Yorglas,,,4,سجادة اسيد برونز
1814,220,165,,Henghao,,,4,سجادة اسيد برونز
592,220,165,60,Henghao,,,4,سجادة اسيد برونز
1816,225,165,,Henghao,,,4,سجادة اسيد برونز
594,225,165,60,Henghao,,,4,سجادة اسيد برونز
2745,,,,,,,4,سجادة اسيد برونز
3410,225,161,,Dekor Glass,,,4,سجادة اسيد برونز
3411,225,161,45,Dekor Glass,,,4,عريشة اسيد برونز
1819,220,165,,Henghao,,,4,عريشة اسيد برونز
597,220,165,60,Henghao,,,4,عريشة اسيد برونز
1820,225,165,,Henghao,,,4,عريشة اسيد برونز
598,225,165,60,Henghao,,,4,عريشة اسيد برونز
2750,,,,,,,4,عريشة اسيد برونز
1822,220,165,,Henghao,,,4,عريشة اسيد برونز
600,220,165,60,Henghao,,,4,وردة كارى اسيد برونز
1827,225,165,,Henghao,,,4,وردة كارى اسيد برونز
605,225,165,60,Henghao,,,4,وردة كارى اسيد برونز
1828,244,165,,Henghao,,,4,وردة كارى اسيد برونز
606,244,165,55,Henghao,,,4,وردة كارى اسيد برونز
3450,244,183,,Henghao,,,4,وردة كارى اسيد برونز
3451,244,183,55,Henghao,,,4,وردة كارى اسيد برونز
2741,,,,,,,4,وردة كارى اسيد برونز
2943,225,161,,Yorglas,,,4,وردة كارى اسيد برونز
2942,225,161,46,Yorglas,,,4,زيتوني اسيد برونز
1815,220,165,,Henghao,,,4,زيتوني اسيد برونز
593,220,165,60,Henghao,,,4,زيتوني اسيد برونز
1817,225,165,,Henghao,,,4,زيتوني اسيد برونز
595,225,165,60,Henghao,,,4,زيتوني اسيد برونز
2752,,,,,,,4,زيتوني اسيد برونز
3406,225,161,,Dekor Glass,,,4,زيتوني اسيد برونز
3407,225,161,45,Dekor Glass,,,4,ياسمين اسيد برونز
1826,220,165,,Henghao,,,4,ياسمين اسيد برونز
604,220,165,60,Henghao,,,4,ياسمين اسيد برونز
3703,225,161,,,,,4,ياسمين اسيد برونز
2936,225,161,,Yorglas,,,4,ياسمين اسيد برونز
2935,225,161,46,Yorglas,,,4,نانسي اسيد برونز
4808,,,,,,,4,نانسي اسيد برونز
3425,214,165,,Yushuo,,,4,نانسي اسيد برونز
3426,214,165,72,Yushuo,,,4,محجر اسيد ديكور رقم 1
5045,220,165,,Globalstar,,,4,محجر اسيد ديكور رقم 1
5031,220,165,65,Globalstar,,,4,محجر اسيد ديكور رقم 1
4809,,,,,,,4,محجر اسيد ديكور رقم 1
3427,214,165,,Yushuo,,,4,محجر اسيد ديكور رقم 1
3543,214,165,61,Yushuo,,,4,محجر اسيد ديكور رقم 2
3428,214,165,72,Yushuo,,,4,محجر اسيد ديكور رقم 2
5046,220,165,,Globalstar,,,4,محجر اسيد ديكور رقم 2
5032,220,165,65,Globalstar,,,4,محجر اسيد ديكور رقم 2
4810,,,,,,,4,محجر اسيد ديكور رقم 2
3429,214,165,,Yushuo,,,4,محجر اسيد ديكور رقم 2
3430,214,165,72,Yushuo,,,4,محجر اسيد ديكور رقم 3
4811,,,,,,,4,محجر اسيد ديكور رقم 3
3431,214,165,,Yushuo,,,4,محجر اسيد ديكور رقم 3
3432,214,165,72,Yushuo,,,4,محجر اسيد ديكور رقم 4
3544,214,165,73,Yushuo,,,4,محجر اسيد ديكور رقم 4
4812,,,,,,,4,محجر اسيد ديكور رقم 4
3433,214,165,,Yushuo,,,4,محجر اسيد ديكور رقم 4
3435,214,165,66,Yushuo,,,4,محجر اسيد ديكور رقم 5
3434,214,165,72,Yushuo,,,4,محجر اسيد ديكور رقم 5
4813,,,,,,,4,محجر اسيد ديكور رقم 5
3438,214,165,,Yushuo,,,4,محجر اسيد ديكور رقم 5
3437,214,165,70,Yushuo,,,4,محجر اسيد ديكور رقم 6
3436,214,165,72,Yushuo,,,4,محجر اسيد ديكور رقم 6
4814,,,,,,,4,محجر اسيد ديكور رقم 6
3440,214,165,,Yushuo,,,4,محجر اسيد ديكور رقم 6
3441,214,165,64,Yushuo,,,4,محجر اسيد ديكور رقم 7
3545,214,165,69,Yushuo,,,4,محجر اسيد ديكور رقم 7
3439,214,165,72,Yushuo,,,4,محجر اسيد ديكور رقم 7
5043,220,165,,Globalstar,,,4,محجر اسيد ديكور رقم 7
5044,220,165,64,Globalstar,,,4,محجر اسيد ديكور رقم 7
4815,,,,,,,4,محجر اسيد ديكور رقم 7
3442,214,165,,Yushuo,,,4,محجر اسيد ديكور رقم 7
3443,214,165,72,Yushuo,,,4,محجر اسيد ديكور رقم 8
4816,,,,,,,4,محجر اسيد ديكور رقم 8
3444,214,165,,Yushuo,,,4,محجر اسيد ديكور رقم 8
3445,214,165,72,Yushuo,,,4,محجر اسيد ديكور رقم 9
3547,214,165,73,Yushuo,,,4,محجر اسيد ديكور رقم 9
5047,220,165,,Globalstar,,,4,محجر اسيد ديكور رقم 9
5037,220,165,64,Globalstar,,,4,محجر اسيد ديكور رقم 9
5034,220,165,65,Globalstar,,,4,محجر اسيد ديكور رقم 9
4817,,,,,,,4,محجر اسيد ديكور رقم 9
3446,214,165,,Yushuo,,,4,محجر اسيد ديكور رقم 9
3546,214,165,67,Yushuo,,,4,محجر اسيد ديكور رقم 10
3447,214,165,72,Yushuo,,,4,محجر اسيد ديكور رقم 10
5048,220,165,,Globalstar,,,4,محجر اسيد ديكور رقم 10
5038,220,165,63,Globalstar,,,4,محجر اسيد ديكور رقم 10
5036,220,165,65,Globalstar,,,4,محجر اسيد ديكور رقم 10
3702,,,,,,,4,محجر اسيد ديكور رقم 10
3700,,,,,,,4,محجر اسيد ديكور رقم 10
2755,,,,,,,4,مرايا اسيد مشكل
1832,220,165,,Henghao,,,4,مرايا اسيد ملون
3271,240,165,,Henghao,,,4,محجر اسيد مشكل
609,240,165,53,Henghao,,,4,محجر اسيد مشكل
1831,244,165,,Henghao,,,4,محجر اسيد مشكل
3172,255,165,,Henghao,,,4,محجر اسيد مشكل
3173,225,183,,Henghao,,,4,محجر اسيد مشكل
610,225,183,44,Henghao,,,4,محجر اسيد مشكل
3174,244,183,,Henghao,,,4,محجر اسيد مشكل
3175,255,183,,Henghao,,,4,محجر اسيد مشكل
2756,,,,,,,,
2757,,,,,,,,
2758,,,,,,,,
2759,,,,,,,,
2760,,,,,,,,
2761,,,,,,,,
2762,,,,,,,,
2763,,,,,,,,
2764,,,,,,,,
2765,,,,,,,,
3077,,,,,,,,
2766,,,,,,,,
2767,,,,,,,,
2768,,,,,,,,
2769,,,,,,,,
2770,,,,,,,,
2771,,,,,,,,
2773,,,,,,,,
2772,,,,,,,,
2774,,,,,,,,
2775,,,,,,,,
2776,,,,,,,,
2784,,,,,,,,
2779,,,,,,,,
2780,,,,,,,,
2783,,,,,,,,
2781,,,,,,,,
2782,,,,,,,,
2778,,,,,,,,
2787,,,,,,,,
2786,,,,,,,,
2777,,,,,,,,
2785,,,,,,,,
3093,,,,,,,,
2788,,,,,,,,
2789,,,,,,,,
2790,,,,,,,,
2791,,,,,,,,
2792,,,,,,,,
2793,,,,,,,,
2794,,,,,,,,
2795,,,,,,,,
2796,,,,,,,,
2797,,,,,,,,
2798,,,,,,,,
2799,,,,,,,,
3290,,,,,,,,
611,,,,,,,,
612,,,,,,,,
4321,,,,,,,,
4954,,,,,,,,
