i_name,thickness,item_name,origin,itemname_with_thickness
4ملم اسود(SISECAM ),4,اسود,SISECAM,4ملم اسود
6ملم اسود غامق,6,اسود غامق,,6ملم اسود غامق
6ملم مشرط اسود سعودي,6,مشرط اسود سعودي,,6ملم مشرط اسود سعودي
4ملم مرايا اسود,4,مرايا اسود,,4ملم مرايا اسود
5ملم مرايا ازرق,5,مرايا ازرق,,5ملم مرايا ازرق
5ملم مرايا اخضر,5,مرايا اخضر,,5ملم مرايا اخضر
5ملم مرايا زهر,5,مرايا زهر,,5ملم مرايا زهر
10ملم عاكس اسود فاتح(SISECAM ),10,عاكس اسود فاتح,SISECAM,10ملم عاكس اسود فاتح
8ملم عاكس ازرق فاتح,8,عاكس ازرق فاتح,,8ملم عاكس ازرق فاتح
15ملم كريستال(AGC),15,كريستال,AGC,15ملم كريستال
19ملم كريستال,19,كريستال,,19ملم كريستال
8ملم تريبلكس اسود,8,تريبلكس اسود,,8ملم تريبلكس اسود
12ملم تريبلكس مغشى,12,تريبلكس مغشى,,12ملم تريبلكس مغشى
16ملم تريبلكس مغشى,16,تريبلكس مغشى,,16ملم تريبلكس مغشى
4ملم مرايا ابيض,4,مرايا ابيض,,4ملم مرايا ابيض
4ملم مرايا ابيض,4,مرايا ابيض,,4ملم مرايا ابيض
4ملم محجر شلال  ابيض,4,محجر شلال ابيض,,4ملم محجر شلال ابيض
4ملم محجربرش خشن ابيض(SISECAM ),4,محجربرش خشن ابيض,SISECAM,4ملم محجربرش خشن ابيض
5ملم محجر منقط  ابيض,5,محجر منقط ابيض,,5ملم محجر منقط ابيض
4ملم محجر منقط  ابيض,4,محجر منقط ابيض,,4ملم محجر منقط ابيض
4ملم محجر بامبو  ابيض,4,محجر بامبو ابيض,,4ملم محجر بامبو ابيض
4ملم محجر طاووس  برونز,4,محجر طاووس برونز,,4ملم محجر طاووس برونز
4ملم محجر زلحفة اخضر,4,محجر زلحفة اخضر,,4ملم محجر زلحفة اخضر
4ملم محجر زلحفة ازرق,4,محجر زلحفة ازرق,,4ملم محجر زلحفة ازرق
5ملم مقلم اسيد ابيض,5,مقلم اسيد ابيض,,5ملم مقلم اسيد ابيض
5ملم محجر بازل اسود,5,محجر بازل اسود,,5ملم محجر بازل اسود
12ملم كريستال,12,كريستال,,12ملم كريستال
8ملم تريبلكس برونز,8,تريبلكس برونز,,8ملم تريبلكس برونز
2ملم مات(PFG),2,مات,PFG,2ملم مات
4ملم محجر دلتا  ابيض(Cairo),4,محجر دلتا ابيض,Cairo,4ملم محجر دلتا ابيض
6ملم عاكس زهر,6,عاكس زهر,,6ملم عاكس زهر
 2ملم مات (منزوع بريطاني),2,مات,منزوع بريطاني,2ملم مات
15ملم كريستال(AGC),15,كريستال,AGC,15ملم كريستال
4ملم مغشى ابيض,4,مغشى ابيض,,4ملم مغشى ابيض
10ملم تريبلكس ابيض,10,تريبلكس ابيض,,10ملم تريبلكس ابيض
10ملم تريبلكس ابيض,10,تريبلكس ابيض,,10ملم تريبلكس ابيض
12ملم تريبلكس ابيض(Pilkington),12,تريبلكس ابيض,Pilkington,12ملم تريبلكس ابيض
4ملم ياسمين اسيد ابيض,4,ياسمين اسيد ابيض,,4ملم ياسمين اسيد ابيض
8ملم اسود(SISECAM ),8,اسود,SISECAM,8ملم اسود
10ملم اسود(Barazil ),10,اسود,Barazil,10ملم اسود
10ملم اسود(SISECAM ),10,اسود,SISECAM,10ملم اسود
5ملم برونز(Sphinx),5,برونز,Sphinx,5ملم برونز
8ملم اسود(SISECAM ),8,اسود,SISECAM,8ملم اسود
4ملم منقط اسيد برونز(مشكل ),4,منقط اسيد برونز,مشكل,4ملم منقط اسيد برونز
10ملم تريبلكس ابيض(Xinyi),10,تريبلكس ابيض,Xinyi,10ملم تريبلكس ابيض
8ملم ابيض( Kavet ),8,ابيض,Kavet,8ملم ابيض
5.5ملم عاكس ازرق فاتح(Falcon),5.5,عاكس ازرق فاتح,Falcon,5.5ملم عاكس ازرق فاتح
5.5ملم اخضر فاتح( Kavet  ),5.5,اخضر فاتح,Kavet,5.5ملم اخضر فاتح
5.5ملم اخضر فاتح( Kavet  ),5.5,اخضر فاتح,Kavet,5.5ملم اخضر فاتح
5.5ملم اخضر فاتح( Kavet  ),5.5,اخضر فاتح,Kavet,5.5ملم اخضر فاتح
12ملم تريبلكس ابيض(SISECAM),12,تريبلكس ابيض,SISECAM,12ملم تريبلكس ابيض
6ملم عاكس اخضر فاتح(SISECAM),6,عاكس اخضر فاتح,SISECAM,6ملم عاكس اخضر فاتح
12ملم ابيض(U.F.G),12,ابيض,U.F.G,12ملم ابيض
5ملم مرايا ابيض(Trakya ),5,مرايا ابيض,Trakya,5ملم مرايا ابيض
10ملم تريبلكس ابيض(SISECAM),10,تريبلكس ابيض,SISECAM,10ملم تريبلكس ابيض
10ملم تريبلكس ابيض(SISECAM),10,تريبلكس ابيض,SISECAM,10ملم تريبلكس ابيض
12ملم تريبلكس ابيض(SISECAM),12,تريبلكس ابيض,SISECAM,12ملم تريبلكس ابيض
6ملم مرايا ابيض(SISECAM ),6,مرايا ابيض,SISECAM,6ملم مرايا ابيض
6ملم عاكس اسود فاتح(SISECAM ),6,عاكس اسود فاتح,SISECAM,6ملم عاكس اسود فاتح
4ملم محجر شلال  برونز,4,محجر شلال برونز,,4ملم محجر شلال برونز
5ملم برش اسود(TGQingdao),5,برش اسود,TGQingdao,5ملم برش اسود
5ملم محجر بازل اسود,5,محجر بازل اسود,,5ملم محجر بازل اسود
4ملم برونز( Kavet ),4,برونز,Kavet,4ملم برونز
15ملم ابيض( Kavet ),15,ابيض,Kavet,15ملم ابيض
4ملم عاكس اخضر غامق,4,عاكس اخضر غامق,,4ملم عاكس اخضر غامق
8ملم عاكس ابيض(Sphinx),8,عاكس ابيض,Sphinx,8ملم عاكس ابيض
4ملم عاكس برونز(Sphinx),4,عاكس برونز,Sphinx,4ملم عاكس برونز
8ملم كريستال(AGC),8,كريستال,AGC,8ملم كريستال
8ملم عاكس اسود فاتح(SISECAM ),8,عاكس اسود فاتح,SISECAM,8ملم عاكس اسود فاتح
4ملم برش ابيض,4,برش ابيض,,4ملم برش ابيض
محجر اسيد مشكل,,محجر اسيد مشكل,,محجر اسيد مشكل
محجر اسيد مشكل,,محجر اسيد مشكل,,محجر اسيد مشكل
8ملم ابيض(Sphinx),8,ابيض,Sphinx,8ملم ابيض
8ملم ابيض(Sphinx),8,ابيض,Sphinx,8ملم ابيض
10ملم ابيض(Sphinx),10,ابيض,Sphinx,10ملم ابيض
10ملم ابيض(Sphinx),10,ابيض,Sphinx,10ملم ابيض
6ملم مشرط ابيض (Guardian Espana ),6,مشرط ابيض,Guardian Espana,6ملم مشرط ابيض
5.5ملم ابيض(Sphinx),5.5,ابيض,Sphinx,5.5ملم ابيض
8ملم ابيض(Sphinx),8,ابيض,Sphinx,8ملم ابيض
10ملم ابيض(Sphinx),10,ابيض,Sphinx,10ملم ابيض
10ملم ابيض(Sphinx),10,ابيض,Sphinx,10ملم ابيض
5.5ملم عاكس ابيض(Sphinx),5.5,عاكس ابيض,Sphinx,5.5ملم عاكس ابيض
5.5ملم عاكس ابيض(Sphinx),5.5,عاكس ابيض,Sphinx,5.5ملم عاكس ابيض
8ملم برش ابيض(SISECAM ),8,برش ابيض,SISECAM,8ملم برش ابيض
5.5ملم ابيض(SISECAM ),5.5,ابيض,SISECAM,5.5ملم ابيض
3ملم بلور(Trakya ),3,بلور,Trakya,3ملم بلور
4ملم ابيض(SISECAM ),4,ابيض,SISECAM,4ملم ابيض
4ملم ابيض(SISECAM ),4,ابيض,SISECAM,4ملم ابيض
4ملم ابيض(SISECAM ),4,ابيض,SISECAM,4ملم ابيض
5.5ملم ابيض(SISECAM ),5.5,ابيض,SISECAM,5.5ملم ابيض
5.5ملم ابيض(SISECAM ),5.5,ابيض,SISECAM,5.5ملم ابيض
5.5ملم ابيض(SISECAM ),5.5,ابيض,SISECAM,5.5ملم ابيض
5.5ملم ابيض(SISECAM ),5.5,ابيض,SISECAM,5.5ملم ابيض
5.5ملم ابيض(Trakya ),5.5,ابيض,Trakya,5.5ملم ابيض
5.5ملم ابيض(SISECAM ),5.5,ابيض,SISECAM,5.5ملم ابيض
5.5ملم ابيض(SISECAM ),5.5,ابيض,SISECAM,5.5ملم ابيض
8ملم ابيض(SISECAM ),8,ابيض,SISECAM,8ملم ابيض
8ملم ابيض(SISECAM ),8,ابيض,SISECAM,8ملم ابيض
8ملم ابيض(SISECAM ),8,ابيض,SISECAM,8ملم ابيض
10ملم ابيض(SISECAM ),10,ابيض,SISECAM,10ملم ابيض
10ملم ابيض(SISECAM ),10,ابيض,SISECAM,10ملم ابيض
10ملم ابيض(SISECAM ),10,ابيض,SISECAM,10ملم ابيض
10ملم ابيض(SISECAM ),10,ابيض,SISECAM,10ملم ابيض
4ملم مرايا برونز(SISECAM ),4,مرايا برونز,SISECAM,4ملم مرايا برونز
5.5ملم اخضر فاتح( Kavet  ),5.5,اخضر فاتح,Kavet,5.5ملم اخضر فاتح
4ملم وردة كارى اسيد ابيضDSG-017,4,وردة كارى اسيد ابيضDSG-017,,4ملم وردة كارى اسيد ابيضDSG-017
4ملم منقط اسيد ابيض33117,4,منقط اسيد ابيض33117,,4ملم منقط اسيد ابيض33117
8ملم ابيض(Sphinx),8,ابيض,Sphinx,8ملم ابيض
10ملم ابيض(Sphinx),10,ابيض,Sphinx,10ملم ابيض
5.5ملم ابيض(SISECAM ),5.5,ابيض,SISECAM,5.5ملم ابيض
5.5ملم ابيض(SISECAM ),5.5,ابيض,SISECAM,5.5ملم ابيض
4ملم مرايا ابيض(SISECAM ),4,مرايا ابيض,SISECAM,4ملم مرايا ابيض
5.5ملم ابيض(SISECAM ),5.5,ابيض,SISECAM,5.5ملم ابيض
12ملم ابيض(SISECAM ),12,ابيض,SISECAM,12ملم ابيض
6ملم برونز(SISECAM ),6,برونز,SISECAM,6ملم برونز
6ملم مشرط برونز(GrandStar),6,مشرط برونز,GrandStar,6ملم مشرط برونز
6ملم زهر,6,زهر,,6ملم زهر
8ملم عاكس اخضر فاتح,8,عاكس اخضر فاتح,,8ملم عاكس اخضر فاتح
8ملم اخضر فاتح(U.F.G),8,اخضر فاتح,U.F.G,8ملم اخضر فاتح
10ملم اخضر فاتح(U.F.G),10,اخضر فاتح,U.F.G,10ملم اخضر فاتح
12ملم اخضر فاتح(U.F.G),12,اخضر فاتح,U.F.G,12ملم اخضر فاتح
12ملم ابيض(Sphinx),12,ابيض,Sphinx,12ملم ابيض
12ملم ابيض(Sphinx),12,ابيض,Sphinx,12ملم ابيض
12ملم ابيض(Sphinx),12,ابيض,Sphinx,12ملم ابيض
12ملم ابيض(Sphinx),12,ابيض,Sphinx,12ملم ابيض
12ملم ابيض(Sphinx),12,ابيض,Sphinx,12ملم ابيض
6ملم تريبلكس ابيض(SISECAM),6,تريبلكس ابيض,SISECAM,6ملم تريبلكس ابيض
6ملم تريبلكس ابيض(SISECAM),6,تريبلكس ابيض,SISECAM,6ملم تريبلكس ابيض
8ملم تريبلكس ابيض(SISECAM),8,تريبلكس ابيض,SISECAM,8ملم تريبلكس ابيض
 8ملم ابيض( Kavet ),8,ابيض,Kavet,8ملم ابيض
6ملم ابيض(SISECAM ),6,ابيض,SISECAM,6ملم ابيض
4ملم محجر زلحفة  برونز,4,محجر زلحفة برونز,,4ملم محجر زلحفة برونز
4ملم محجر زلحفة عسلي,4,محجر زلحفة عسلي,,4ملم محجر زلحفة عسلي
5ملم محجر بامبو  برونز,5,محجر بامبو برونز,,5ملم محجر بامبو برونز
15ملم ابيض(AGC),15,ابيض,AGC,15ملم ابيض
8ملم عاكس ازرق فاتح(SISECAM),8,عاكس ازرق فاتح,SISECAM,8ملم عاكس ازرق فاتح
6ملم مشرط ابيض(SISECAM ),6,مشرط ابيض,SISECAM,6ملم مشرط ابيض
3ملم برونز(SISECAM ),3,برونز,SISECAM,3ملم برونز
10ملم ابيض(Trakya ),10,ابيض,Trakya,10ملم ابيض
10ملم برونز(Sphinx),10,برونز,Sphinx,10ملم برونز
8ملم عاكس برونز(Sphinx),8,عاكس برونز,Sphinx,8ملم عاكس برونز
8ملم برونز(Sphinx),8,برونز,Sphinx,8ملم برونز
5.5ملم برونز(Sphinx),5.5,برونز,Sphinx,5.5ملم برونز
8ملم برونز(Sphinx),8,برونز,Sphinx,8ملم برونز
10ملم برونز(Sphinx),10,برونز,Sphinx,10ملم برونز
5.5ملم برونز(Sphinx),5.5,برونز,Sphinx,5.5ملم برونز
5.5ملم برونز(Sphinx),5.5,برونز,Sphinx,5.5ملم برونز
5.5ملم برونز(Sphinx),5.5,برونز,Sphinx,5.5ملم برونز
5.5ملم برونز(Sphinx),5.5,برونز,Sphinx,5.5ملم برونز
5.5ملم برونز(SISECAM ),5.5,برونز,SISECAM,5.5ملم برونز
5.5ملم برونز(SISECAM ),5.5,برونز,SISECAM,5.5ملم برونز
5.5ملم برونز(SISECAM ),5.5,برونز,SISECAM,5.5ملم برونز
5.5ملم برونز(SISECAM ),5.5,برونز,SISECAM,5.5ملم برونز
5.5ملم برونز(SISECAM ),5.5,برونز,SISECAM,5.5ملم برونز
5.5ملم برونز(SISECAM ),5.5,برونز,SISECAM,5.5ملم برونز
5.5ملم برونز(SISECAM ),5.5,برونز,SISECAM,5.5ملم برونز
5.5ملم برونز(SISECAM ),5.5,برونز,SISECAM,5.5ملم برونز
5.5ملم اسود(SISECAM ),5.5,اسود,SISECAM,5.5ملم اسود
10ملم تريبلكس مغشى(LAUREL),10,تريبلكس مغشى,LAUREL,10ملم تريبلكس مغشى
6ملم تريبلكس اسود(SISECAM),6,تريبلكس اسود,SISECAM,6ملم تريبلكس اسود
10ملم اسود(SISECAM ),10,اسود,SISECAM,10ملم اسود
5.5ملم اسود(SISECAM ),5.5,اسود,SISECAM,5.5ملم اسود
8ملم اسود(SISECAM ),8,اسود,SISECAM,8ملم اسود
5.5ملم اسود(SISECAM ),5.5,اسود,SISECAM,5.5ملم اسود
5.5ملم اسود(SISECAM ),5.5,اسود,SISECAM,5.5ملم اسود
5.5ملم اسود(SISECAM ),5.5,اسود,SISECAM,5.5ملم اسود
5.5ملم اسود(SISECAM ),5.5,اسود,SISECAM,5.5ملم اسود
8ملم تريبلكس برونز(SISECAM),8,تريبلكس برونز,SISECAM,8ملم تريبلكس برونز
8ملم تريبلكس ابيض(SISECAM),8,تريبلكس ابيض,SISECAM,8ملم تريبلكس ابيض
8ملم ابيض(SISECAM ),8,ابيض,SISECAM,8ملم ابيض
5.5ملم عاكس اخضر غامق,5.5,عاكس اخضر غامق,,5.5ملم عاكس اخضر غامق
8ملم اخضر فاتح(SISECAM ),8,اخضر فاتح,SISECAM,8ملم اخضر فاتح
8ملم عاكس اخضر فاتح(SISECAM),8,عاكس اخضر فاتح,SISECAM,8ملم عاكس اخضر فاتح
8ملم كريستال(CSG),8,كريستال,CSG,8ملم كريستال
12ملم كريستال,12,كريستال,,12ملم كريستال
5.5ملم ابيض(SISECAM ),5.5,ابيض,SISECAM,5.5ملم ابيض
4ملم محجر دلتا  ابيض(SISECAM,4,محجر دلتا ابيض(SISECAM,,4ملم محجر دلتا ابيض(SISECAM
8ملم تريبلكس ابيض(SISECAM),8,تريبلكس ابيض,SISECAM,8ملم تريبلكس ابيض
6ملم تريبلكس ابيض(SISECAM),6,تريبلكس ابيض,SISECAM,6ملم تريبلكس ابيض
10ملم اخضر فاتح(SISECAM ),10,اخضر فاتح,SISECAM,10ملم اخضر فاتح
5ملم مرايا ابيض(SISECAM ),5,مرايا ابيض,SISECAM,5ملم مرايا ابيض
5.5ملم ابيض(SISECAM ),5.5,ابيض,SISECAM,5.5ملم ابيض
4ملم محجر بازل  ابيض(SISECAM),4,محجر بازل ابيض,SISECAM,4ملم محجر بازل ابيض
4ملم محجر دلتا  ابيض(SISECAM,4,محجر دلتا ابيض(SISECAM,,4ملم محجر دلتا ابيض(SISECAM
6ملم مشرط ابيض(SISECAM ),6,مشرط ابيض,SISECAM,6ملم مشرط ابيض
8ملم ابيض(Sphinx),8,ابيض,Sphinx,8ملم ابيض
15ملم ابيض(Sphinx)علام,15,ابيضعلام,Sphinx,15ملم ابيضعلام
15ملم ابيض(Sphinx),15,ابيض,Sphinx,15ملم ابيض
15ملم ابيض(Sphinx),15,ابيض,Sphinx,15ملم ابيض
6ملم تريبلكس  silance(SISECAM),6,تريبلكس silance,SISECAM,6ملم تريبلكس silance
8.2ملم تريبلكسsilance(Trakya ),8.2,تريبلكسsilance,Trakya,8.2ملم تريبلكسsilance
6ملم تريبلكس ابيض(SISECAM),6,تريبلكس ابيض,SISECAM,6ملم تريبلكس ابيض
5.5ملم ابيض(Sphinx),5.5,ابيض,Sphinx,5.5ملم ابيض
12ملم ابيض(Sphinx),12,ابيض,Sphinx,12ملم ابيض
5.5ملم ابيض(SISECAM ),5.5,ابيض,SISECAM,5.5ملم ابيض
5.5ملم اخضر فاتح(SISECAM ),5.5,اخضر فاتح,SISECAM,5.5ملم اخضر فاتح
6ملم تريبلكس برونز(SISECAM),6,تريبلكس برونز,SISECAM,6ملم تريبلكس برونز
8ملم تريبلكس اسود(SISECAM),8,تريبلكس اسود,SISECAM,8ملم تريبلكس اسود
5.5ملم عاكس ابيض (SISECAM),5.5,عاكس ابيض,SISECAM,5.5ملم عاكس ابيض
5ملم اسود(SISECAM ),5,اسود,SISECAM,5ملم اسود
5.5ملم اسود(Sphinx),5.5,اسود,Sphinx,5.5ملم اسود
6ملم برونز(SISECAM ),6,برونز,SISECAM,6ملم برونز
10ملم برونز(SISECAM ),10,برونز,SISECAM,10ملم برونز
5.5ملم برونز(TR) ابيض,5.5,برونز ابيض,TR,5.5ملم برونز ابيض
4ملم ازرق فاتح,4,ازرق فاتح,,4ملم ازرق فاتح
5ملم ازرق فاتح,5,ازرق فاتح,,5ملم ازرق فاتح
12ملم ازرق فاتح,12,ازرق فاتح,,12ملم ازرق فاتح
16ملم ازرق فاتح,16,ازرق فاتح,,16ملم ازرق فاتح
3ملم ازرق غامق,3,ازرق غامق,,3ملم ازرق غامق
4ملم ازرق غامق,4,ازرق غامق,,4ملم ازرق غامق
5ملم ازرق غامق,5,ازرق غامق,,5ملم ازرق غامق
8ملم ازرق غامق,8,ازرق غامق,,8ملم ازرق غامق
10ملم ازرق,10,ازرق,,10ملم ازرق
12ملم ازرق غامق,12,ازرق غامق,,12ملم ازرق غامق
16ملم ازرق غامق,16,ازرق غامق,,16ملم ازرق غامق
5.5ملم اخضر فاتح( Kavet  ),5.5,اخضر فاتح,Kavet,5.5ملم اخضر فاتح
16ملم اخضر فاتح,16,اخضر فاتح,,16ملم اخضر فاتح
3ملم اخضر غامق,3,اخضر غامق,,3ملم اخضر غامق
4ملم اخضر غامق,4,اخضر غامق,,4ملم اخضر غامق
5.5ملم اخضر غامق,5.5,اخضر غامق,,5.5ملم اخضر غامق
6ملم اخضر غامق,6,اخضر غامق,,6ملم اخضر غامق
8ملم اخضر غامق,8,اخضر غامق,,8ملم اخضر غامق
10ملم اخضر غامق,10,اخضر غامق,,10ملم اخضر غامق
12ملم اخضر غامق,12,اخضر غامق,,12ملم اخضر غامق
6ملم ابيض جامبو(SISECAM ),6,ابيض جامبو,SISECAM,6ملم ابيض جامبو
8ملم ابيض جامبو(SISECAM ),8,ابيض جامبو,SISECAM,8ملم ابيض جامبو
  10ملم ابيض جامبو(Sphinx),10,ابيض جامبو,Sphinx,10ملم ابيض جامبو
 12ملم ابيض جامبو (U.F.G),12,ابيض جامبو,U.F.G,12ملم ابيض جامبو
5.5ملم زهر,5.5,زهر,,5.5ملم زهر
6ملم زهر,6,زهر,,6ملم زهر
4ملم مدهون ابيض(Australia Qingdao),4,مدهون ابيض,Australia Qingdao,4ملم مدهون ابيض
4ملم مدهون اسود(Trakya ),4,مدهون اسود,Trakya,4ملم مدهون اسود
6ملم مدهون اسود(Trakya ),6,مدهون اسود,Trakya,6ملم مدهون اسود
6ملم مدهون ابيض(Australia Qingdao),6,مدهون ابيض,Australia Qingdao,6ملم مدهون ابيض
4ملم ذهبي,4,ذهبي,,4ملم ذهبي
5ملم ذهبي,5,ذهبي,,5ملم ذهبي
5.5ملم ذهبي,5.5,ذهبي,,5.5ملم ذهبي
6كريستال مدهون ابيض(Trakya ),,6كريستال مدهون ابيض,Trakya,6كريستال مدهون ابيض
8ملم ذهبي,8,ذهبي,,8ملم ذهبي
10ملم ذهبي,10,ذهبي,,10ملم ذهبي
12ملم ذهبي,12,ذهبي,,12ملم ذهبي
4ملم بلو غرين,4,بلو غرين,,4ملم بلو غرين
5ملم بلو غرين,5,بلو غرين,,5ملم بلو غرين
6ملم بلو غرين,6,بلو غرين,,6ملم بلو غرين
8ملم بلو غرين,8,بلو غرين,,8ملم بلو غرين
10ملم بلو غرين,10,بلو غرين,,10ملم بلو غرين
3ملم سادة ازرق,3,سادة ازرق,,3ملم سادة ازرق
3ملم سادة اخضر,3,سادة اخضر,,3ملم سادة اخضر
3ملم سادة عسلي,3,سادة عسلي,,3ملم سادة عسلي
ملم,,ملم,,ملم
ملم,,ملم,,ملم
ملم,,ملم,,ملم
ملم,,ملم,,ملم
ملم,,ملم,,ملم
6ملم مشرط ابيض (Guardian  ),6,مشرط ابيض,Guardian,6ملم مشرط ابيض
6ملم مشرط ابيض(SISECAM ),6,مشرط ابيض,SISECAM,6ملم مشرط ابيض
6ملم مشرط برونز(S.G),6,مشرط برونز,S.G,6ملم مشرط برونز
6ملم مشرط عسلي,6,مشرط عسلي,,6ملم مشرط عسلي
6ملم مشرط خمري,6,مشرط خمري,,6ملم مشرط خمري
6ملم مشرط ناري,6,مشرط ناري,,6ملم مشرط ناري
10ملم برش ابيض(Qingdo jnjing),10,برش ابيض,Qingdo jnjing,10ملم برش ابيض
5.5ملم برش ابيض(Cairo),5.5,برش ابيض,Cairo,5.5ملم برش ابيض
12ملم برش ابيض,12,برش ابيض,,12ملم برش ابيض
3ملم برش اسود,3,برش اسود,,3ملم برش اسود
4ملم برش اسود,4,برش اسود,,4ملم برش اسود
5.5ملم برش اسود,5.5,برش اسود,,5.5ملم برش اسود
6ملم برش اسود,6,برش اسود,,6ملم برش اسود
8ملم برش اسود,8,برش اسود,,8ملم برش اسود
10ملم برش اسود,10,برش اسود,,10ملم برش اسود
12ملم برش اسود,12,برش اسود,,12ملم برش اسود
3ملم برش برونز,3,برش برونز,,3ملم برش برونز
4ملم برش برونز,4,برش برونز,,4ملم برش برونز
8ملم برش برونز,8,برش برونز,,8ملم برش برونز
10ملم برش برونز,10,برش برونز,,10ملم برش برونز
12ملم برش برونز,12,برش برونز,,12ملم برش برونز
3ملم برش اخضر,3,برش اخضر,,3ملم برش اخضر
4ملم برش اخضر,4,برش اخضر,,4ملم برش اخضر
5ملم برش اخضر,5,برش اخضر,,5ملم برش اخضر
5.5ملم برش اخضر,5.5,برش اخضر,,5.5ملم برش اخضر
6ملم برش اخضر,6,برش اخضر,,6ملم برش اخضر
8ملم برش اخضر,8,برش اخضر,,8ملم برش اخضر
10ملم برش اخضر,10,برش اخضر,,10ملم برش اخضر
12ملم برش اخضر,12,برش اخضر,,12ملم برش اخضر
3ملم برش ازرق,3,برش ازرق,,3ملم برش ازرق
4ملم برش ازرق,4,برش ازرق,,4ملم برش ازرق
5ملم برش ازرق,5,برش ازرق,,5ملم برش ازرق
5.5ملم برش ازرق,5.5,برش ازرق,,5.5ملم برش ازرق
6ملم برش ازرق,6,برش ازرق,,6ملم برش ازرق
8ملم برش ازرق,8,برش ازرق,,8ملم برش ازرق
10ملم برش ازرق,10,برش ازرق,,10ملم برش ازرق
12ملم برش ازرق,12,برش ازرق,,12ملم برش ازرق
2ملم مغشى ابيض,2,مغشى ابيض,,2ملم مغشى ابيض
3ملم مغشى ابيض,3,مغشى ابيض,,3ملم مغشى ابيض
8ملم مغشى ابيض,8,مغشى ابيض,,8ملم مغشى ابيض
10ملم مغشى ابيض,10,مغشى ابيض,,10ملم مغشى ابيض
12ملم مغشى ابيض,12,مغشى ابيض,,12ملم مغشى ابيض
3ملم مغشى برونز,3,مغشى برونز,,3ملم مغشى برونز
4ملم مغشى برونز,4,مغشى برونز,,4ملم مغشى برونز
5ملم مغشى برونز,5,مغشى برونز,,5ملم مغشى برونز
5.5ملم مغشى برونز,5.5,مغشى برونز,,5.5ملم مغشى برونز
6ملم مغشى برونز,6,مغشى برونز,,6ملم مغشى برونز
8ملم مغشى برونز,8,مغشى برونز,,8ملم مغشى برونز
10ملم مغشى برونز,10,مغشى برونز,,10ملم مغشى برونز
12ملم مغشى برونز,12,مغشى برونز,,12ملم مغشى برونز
3ملم مغشى اسود,3,مغشى اسود,,3ملم مغشى اسود
4ملم مغشى اسود,4,مغشى اسود,,4ملم مغشى اسود
5ملم مغشى اسود,5,مغشى اسود,,5ملم مغشى اسود
5.5ملم مغشى اسود,5.5,مغشى اسود,,5.5ملم مغشى اسود
6ملم مغشى اسود,6,مغشى اسود,,6ملم مغشى اسود
8ملم مغشى اسود,8,مغشى اسود,,8ملم مغشى اسود
10ملم مغشى اسود,10,مغشى اسود,,10ملم مغشى اسود
12ملم مغشى اسود,12,مغشى اسود,,12ملم مغشى اسود
3ملم مغشى اسيد,3,مغشى اسيد,,3ملم مغشى اسيد
5ملم مغشى اسيد,5,مغشى اسيد,,5ملم مغشى اسيد
5.5ملم مغشى اسيد,5.5,مغشى اسيد,,5.5ملم مغشى اسيد
4ملم ناري (Rexi),4,ناري,Rexi,4ملم ناري
8ملم مرايا ابيض(AGC),8,مرايا ابيض,AGC,8ملم مرايا ابيض
6ملم مرايا كريتسال ابيض(SISECAM ),6,مرايا كريتسال ابيض,SISECAM,6ملم مرايا كريتسال ابيض
2ملم مرايا اسود,2,مرايا اسود,,2ملم مرايا اسود
3ملم مرايا اسود,3,مرايا اسود,,3ملم مرايا اسود
4ملم مرايا اسود,4,مرايا اسود,,4ملم مرايا اسود
5ملم مرايا اسود(SISECAM ),5,مرايا اسود,SISECAM,5ملم مرايا اسود
2ملم مرايا برونز,2,مرايا برونز,,2ملم مرايا برونز
3ملم مرايا برونز,3,مرايا برونز,,3ملم مرايا برونز
4ملم مرايا برونز(SISECAM ),4,مرايا برونز,SISECAM,4ملم مرايا برونز
5ملم مرايا برونز( Kavet  ),5,مرايا برونز,Kavet,5ملم مرايا برونز
6ملم مرايا برونز(SISECAM ),6,مرايا برونز,SISECAM,6ملم مرايا برونز
8ملم مرايا برونز,8,مرايا برونز,,8ملم مرايا برونز
2ملم مرايا ازرق,2,مرايا ازرق,,2ملم مرايا ازرق
3ملم مرايا ازرق,3,مرايا ازرق,,3ملم مرايا ازرق
4ملم مرايا ازرق,4,مرايا ازرق,,4ملم مرايا ازرق
6ملم مرايا ازرق,6,مرايا ازرق,,6ملم مرايا ازرق
8ملم مرايا ازرق,8,مرايا ازرق,,8ملم مرايا ازرق
2ملم مرايا اخضر,2,مرايا اخضر,,2ملم مرايا اخضر
3ملم مرايا اخضر,3,مرايا اخضر,,3ملم مرايا اخضر
4ملم مرايا اخضر,4,مرايا اخضر,,4ملم مرايا اخضر
6ملم مرايا اخضر,6,مرايا اخضر,,6ملم مرايا اخضر
8ملم مرايا اخضر,8,مرايا اخضر,,8ملم مرايا اخضر
2ملم مرايا زهر,2,مرايا زهر,,2ملم مرايا زهر
3ملم مرايا زهر,3,مرايا زهر,,3ملم مرايا زهر
4ملم مرايا زهر,4,مرايا زهر,,4ملم مرايا زهر
6ملم مرايا زهر,6,مرايا زهر,,6ملم مرايا زهر
8ملم مرايا زهر,8,مرايا زهر,,8ملم مرايا زهر
2ملم مرايا ذهبي,2,مرايا ذهبي,,2ملم مرايا ذهبي
3ملم مرايا ذهبي,3,مرايا ذهبي,,3ملم مرايا ذهبي
4ملم مرايا ذهبي(TianjinLuck),4,مرايا ذهبي,TianjinLuck,4ملم مرايا ذهبي
5ملم مرايا ذهبي(TianjinLuck),5,مرايا ذهبي,TianjinLuck,5ملم مرايا ذهبي
6ملم مرايا ذهبي,6,مرايا ذهبي,,6ملم مرايا ذهبي
8ملم مرايا ذهبي,8,مرايا ذهبي,,8ملم مرايا ذهبي
2ملم مرايا معتق,2,مرايا معتق,,2ملم مرايا معتق
3ملم مرايا معتق,3,مرايا معتق,,3ملم مرايا معتق
5ملم مرايا معتق,5,مرايا معتق,,5ملم مرايا معتق
6ملم مرايا معتق ازرق,6,مرايا معتق ازرق,,6ملم مرايا معتق ازرق
ملم,,ملم,,ملم
ملم,,ملم,,ملم
ملم,,ملم,,ملم
ملم,,ملم,,ملم
ملم,,ملم,,ملم
ملم,,ملم,,ملم
ملم,,ملم,,ملم
ملم,,ملم,,ملم
ملم,,ملم,,ملم
4ملم عاكس ابيض,4,عاكس ابيض,,4ملم عاكس ابيض
5ملم عاكس ابيض,5,عاكس ابيض,,5ملم عاكس ابيض
10ملم عاكس,10,عاكس,,10ملم عاكس
4ملم عاكس اسود,4,عاكس اسود,,4ملم عاكس اسود
5ملم عاكس اسود فاتح,5,عاكس اسود فاتح,,5ملم عاكس اسود فاتح
4ملم عاكس اسود غامق,4,عاكس اسود غامق,,4ملم عاكس اسود غامق
6ملم عاكس اسود غامق,6,عاكس اسود غامق,,6ملم عاكس اسود غامق
8ملم عاكس اسود غامق,8,عاكس اسود غامق,,8ملم عاكس اسود غامق
10ملم عاكس اسود غامق,10,عاكس اسود غامق,,10ملم عاكس اسود غامق
5ملم عاكس برونز(Rongsheng),5,عاكس برونز,Rongsheng,5ملم عاكس برونز
6ملم عاكس برونز,6,عاكس برونز,,6ملم عاكس برونز
6ملم عاكس برونز(SISECAM ),6,عاكس برونز,SISECAM,6ملم عاكس برونز
8ملم عاكس برونز(Sphinx),8,عاكس برونز,Sphinx,8ملم عاكس برونز
4ملم عاكس ازرق فاتح,4,عاكس ازرق فاتح,,4ملم عاكس ازرق فاتح
5ملم عاكس ازرق فاتح,5,عاكس ازرق فاتح,,5ملم عاكس ازرق فاتح
10ملم عاكس ازرق فاتح,10,عاكس ازرق فاتح,,10ملم عاكس ازرق فاتح
4ملم عاكس ازرق غامق,4,عاكس ازرق غامق,,4ملم عاكس ازرق غامق
5ملم عاكس ازرق غامق,5,عاكس ازرق غامق,,5ملم عاكس ازرق غامق
6ملم عاكس ازرق غامق,6,عاكس ازرق غامق,,6ملم عاكس ازرق غامق
8ملم عاكس ازرق غامق,8,عاكس ازرق غامق,,8ملم عاكس ازرق غامق
10ملم عاكس ازرق غامق,10,عاكس ازرق غامق,,10ملم عاكس ازرق غامق
4ملم عاكس اخضر فاتح,4,عاكس اخضر فاتح,,4ملم عاكس اخضر فاتح
5ملم عاكس اخضر فاتح,5,عاكس اخضر فاتح,,5ملم عاكس اخضر فاتح
10ملم عاكس اخضر فاتح,10,عاكس اخضر فاتح,,10ملم عاكس اخضر فاتح
5ملم عاكس اخضر غامق,5,عاكس اخضر غامق,,5ملم عاكس اخضر غامق
4ملم عاكس اخضر غامق(RIDER),4,عاكس اخضر غامق,RIDER,4ملم عاكس اخضر غامق
8ملم عاكس اخضر غامق,8,عاكس اخضر غامق,,8ملم عاكس اخضر غامق
10ملم عاكس اخضر غامق,10,عاكس اخضر غامق,,10ملم عاكس اخضر غامق
4ملم عاكس زهر,4,عاكس زهر,,4ملم عاكس زهر
5ملم عاكس زهر,5,عاكس زهر,,5ملم عاكس زهر
5.5ملم عاكس زهر,5.5,عاكس زهر,,5.5ملم عاكس زهر
8ملم عاكس زهر,8,عاكس زهر,,8ملم عاكس زهر
10ملم عاكس زهر,10,عاكس زهر,,10ملم عاكس زهر
4ملم عاكس ذهبي,4,عاكس ذهبي,,4ملم عاكس ذهبي
5ملم عاكس ذهبي,5,عاكس ذهبي,,5ملم عاكس ذهبي
5.5ملم عاكس ذهبي,5.5,عاكس ذهبي,,5.5ملم عاكس ذهبي
6ملم عاكس ذهبي,6,عاكس ذهبي,,6ملم عاكس ذهبي
8ملم عاكس ذهبي,8,عاكس ذهبي,,8ملم عاكس ذهبي
10ملم عاكس ذهبي,10,عاكس ذهبي,,10ملم عاكس ذهبي
4ملم عاكس بلو غرين,4,عاكس بلو غرين,,4ملم عاكس بلو غرين
5ملم عاكس بلو غرين,5,عاكس بلو غرين,,5ملم عاكس بلو غرين
5.5ملم عاكس بلو غرين,5.5,عاكس بلو غرين,,5.5ملم عاكس بلو غرين
6ملم عاكس بلو غرين,6,عاكس بلو غرين,,6ملم عاكس بلو غرين
8ملم عاكس بلو غرين,8,عاكس بلو غرين,,8ملم عاكس بلو غرين
10ملم عاكس بلو غرين,10,عاكس بلو غرين,,10ملم عاكس بلو غرين
4ملم عاكس LOW-E,4,عاكس LOW-E,,4ملم عاكس LOW-E
5ملم عاكس LOW-E,5,عاكس LOW-E,,5ملم عاكس LOW-E
10ملم عاكس LOW-E(Guardian),10,عاكس LOW-E,Guardian,10ملم عاكس LOW-E
3ملم كريستال,3,كريستال,,3ملم كريستال
5ملم كريستال,5,كريستال,,5ملم كريستال
5.5ملم كريستال,5.5,كريستال,,5.5ملم كريستال
8ملم تريبلكس LOW-E(AGC),8,تريبلكس LOW-E,AGC,8ملم تريبلكس LOW-E
10ملم تريبلكس اسود,10,تريبلكس اسود,,10ملم تريبلكس اسود
12ملم تريبلكس اسود,12,تريبلكس اسود,,12ملم تريبلكس اسود
16ملم تريبلكس اسود,16,تريبلكس اسود,,16ملم تريبلكس اسود
6ملم تريبلكس برونز(SISECAM),6,تريبلكس برونز,SISECAM,6ملم تريبلكس برونز
10ملم تريبلكس برونز,10,تريبلكس برونز,,10ملم تريبلكس برونز
16ملم تريبلكس برونز,16,تريبلكس برونز,,16ملم تريبلكس برونز
6ملم تريبلكس ازرق,6,تريبلكس ازرق,,6ملم تريبلكس ازرق
8ملم تريبلكس ازرق,8,تريبلكس ازرق,,8ملم تريبلكس ازرق
10ملم تريبلكس ازرق,10,تريبلكس ازرق,,10ملم تريبلكس ازرق
12ملم تريبلكس ازرق,12,تريبلكس ازرق,,12ملم تريبلكس ازرق
16ملم تريبلكس ازرق,16,تريبلكس ازرق,,16ملم تريبلكس ازرق
6ملم تريبلكس  silance(SISECAM),6,تريبلكس silance,SISECAM,6ملم تريبلكس silance
8.2ملم تريبلكس silance(SISECAM),8.2,تريبلكس silance,SISECAM,8.2ملم تريبلكس silance
8ملم تريبلكس اخضر,8,تريبلكس اخضر,,8ملم تريبلكس اخضر
16ملم تريبلكس اخضر,16,تريبلكس اخضر,,16ملم تريبلكس اخضر
20ملم تريبلكس مغشى,20,تريبلكس مغشى,,20ملم تريبلكس مغشى
5ملم محجر صليب ابيض,5,محجر صليب ابيض,,5ملم محجر صليب ابيض
3ملم محجر دامة  ابيض,3,محجر دامة ابيض,,3ملم محجر دامة ابيض
5ملم محجر دامة  ابيض,5,محجر دامة ابيض,,5ملم محجر دامة ابيض
4ملم محجر فرزتشي,4,محجر فرزتشي,,4ملم محجر فرزتشي
3ملم محجر بازل  ابيض,3,محجر بازل ابيض,,3ملم محجر بازل ابيض
4ملم محجر بازل  ابيض,4,محجر بازل ابيض,,4ملم محجر بازل ابيض
5ملم محجر بازل  ابيض,5,محجر بازل ابيض,,5ملم محجر بازل ابيض
3ملم محجر شلال  ابيض,3,محجر شلال ابيض,,3ملم محجر شلال ابيض
4ملم محجر شلال  ابيض,4,محجر شلال ابيض,,4ملم محجر شلال ابيض
5ملم محجر شلال  ابيض,5,محجر شلال ابيض,,5ملم محجر شلال ابيض
4ملم محجربرش خشن ابيض(SISECAM ),4,محجربرش خشن ابيض,SISECAM,4ملم محجربرش خشن ابيض
3ملم محجر دلتا  ابيض,3,محجر دلتا ابيض,,3ملم محجر دلتا ابيض
4ملم محجر دلتا  ابيض,4,محجر دلتا ابيض,,4ملم محجر دلتا ابيض
3ملم محجر بامبو  ابيض,3,محجر بامبو ابيض,,3ملم محجر بامبو ابيض
4ملم محجر بامبو  ابيض,4,محجر بامبو ابيض,,4ملم محجر بامبو ابيض
3ملم محجر منقط  ابيض,3,محجر منقط ابيض,,3ملم محجر منقط ابيض
4ملم محجر منقط  ابيض,4,محجر منقط ابيض,,4ملم محجر منقط ابيض
5ملم محجر منقط  ابيض,5,محجر منقط ابيض,,5ملم محجر منقط ابيض
3ملم محجر طاووس  ابيض,3,محجر طاووس ابيض,,3ملم محجر طاووس ابيض
4ملم محجر طاووس  ابيض,4,محجر طاووس ابيض,,4ملم محجر طاووس ابيض
5ملم محجر طاووس  ابيض,5,محجر طاووس ابيض,,5ملم محجر طاووس ابيض
3ملم محجر زلحفة  ابيض,3,محجر زلحفة ابيض,,3ملم محجر زلحفة ابيض
4ملم محجر زلحفة  ابيض,4,محجر زلحفة ابيض,,4ملم محجر زلحفة ابيض
5ملم محجر زلحفة  ابيض,5,محجر زلحفة ابيض,,5ملم محجر زلحفة ابيض
3ملم محجر وردة  ابيض,3,محجر وردة ابيض,,3ملم محجر وردة ابيض
4ملم محجر وردة  ابيض,4,محجر وردة ابيض,,4ملم محجر وردة ابيض
5ملم محجر وردة  ابيض,5,محجر وردة ابيض,,5ملم محجر وردة ابيض
3ملم محجر نجمة  ابيض,3,محجر نجمة ابيض,,3ملم محجر نجمة ابيض
4ملم محجر نجمة  ابيض,4,محجر نجمة ابيض,,4ملم محجر نجمة ابيض
5ملم محجر نجمة  ابيض,5,محجر نجمة ابيض,,5ملم محجر نجمة ابيض
3ملم محجر مسدس  ابيض,3,محجر مسدس ابيض,,3ملم محجر مسدس ابيض
4ملم محجر مسدس  ابيض,4,محجر مسدس ابيض,,4ملم محجر مسدس ابيض
5ملم محجر مسدس  ابيض,5,محجر مسدس ابيض,,5ملم محجر مسدس ابيض
3ملم محجر بامبو  برونز,3,محجر بامبو برونز,,3ملم محجر بامبو برونز
5ملم محجر بامبو  برونز,5,محجر بامبو برونز,,5ملم محجر بامبو برونز
3ملم محجر شلال  برونز,3,محجر شلال برونز,,3ملم محجر شلال برونز
4ملم محجر شلال  برونز,4,محجر شلال برونز,,4ملم محجر شلال برونز
5ملم محجر شلال  برونز,5,محجر شلال برونز,,5ملم محجر شلال برونز
3ملم محجر دلتا  برونز,3,محجر دلتا برونز,,3ملم محجر دلتا برونز
4ملم محجر دلتا  برونز,4,محجر دلتا برونز,,4ملم محجر دلتا برونز
5ملم محجر دلتا  برونز,5,محجر دلتا برونز,,5ملم محجر دلتا برونز
4ملم محجر طاووس  برونز,4,محجر طاووس برونز,,4ملم محجر طاووس برونز
5ملم محجر طاووس  برونز,5,محجر طاووس برونز,,5ملم محجر طاووس برونز
3ملم محجر بازل  برونز,3,محجر بازل برونز,,3ملم محجر بازل برونز
4ملم محجر بازل  برونز,4,محجر بازل برونز,,4ملم محجر بازل برونز
5ملم محجر بازل  برونز,5,محجر بازل برونز,,5ملم محجر بازل برونز
3ملم محجر زلحفة  برونز,3,محجر زلحفة برونز,,3ملم محجر زلحفة برونز
4ملم محجر زلحفة  برونز,4,محجر زلحفة برونز,,4ملم محجر زلحفة برونز
5ملم محجر زلحفة  برونز,5,محجر زلحفة برونز,,5ملم محجر زلحفة برونز
3ملم محجر بازل اسود,3,محجر بازل اسود,,3ملم محجر بازل اسود
4ملم محجر بازل اسود,4,محجر بازل اسود,,4ملم محجر بازل اسود
5ملم محجر بازل اسود,5,محجر بازل اسود,,5ملم محجر بازل اسود
3ملم محجر مسدس عسلي,3,محجر مسدس عسلي,,3ملم محجر مسدس عسلي
4ملم محجر مسدس عسلي,4,محجر مسدس عسلي,,4ملم محجر مسدس عسلي
5ملم محجر مسدس عسلي,5,محجر مسدس عسلي,,5ملم محجر مسدس عسلي
3ملم محجر زلحفة عسلي,3,محجر زلحفة عسلي,,3ملم محجر زلحفة عسلي
4ملم محجر زلحفة عسلي,4,محجر زلحفة عسلي,,4ملم محجر زلحفة عسلي
5ملم محجر زلحفة عسلي,5,محجر زلحفة عسلي,,5ملم محجر زلحفة عسلي
3ملم محجر زلحفة اخضر,3,محجر زلحفة اخضر,,3ملم محجر زلحفة اخضر
4ملم محجر زلحفة اخضر,4,محجر زلحفة اخضر,,4ملم محجر زلحفة اخضر
5ملم محجر زلحفة اخضر,5,محجر زلحفة اخضر,,5ملم محجر زلحفة اخضر
3ملم محجر زلحفة ازرق,3,محجر زلحفة ازرق,,3ملم محجر زلحفة ازرق
4ملم محجر زلحفة ازرق,4,محجر زلحفة ازرق,,4ملم محجر زلحفة ازرق
5ملم محجر زلحفة ازرق,5,محجر زلحفة ازرق,,5ملم محجر زلحفة ازرق
3ملم محجر زلحفة خمري,3,محجر زلحفة خمري,,3ملم محجر زلحفة خمري
4ملم محجر زلحفة خمري,4,محجر زلحفة خمري,,4ملم محجر زلحفة خمري
5ملم محجر زلحفة خمري,5,محجر زلحفة خمري,,5ملم محجر زلحفة خمري
3ملم مقلم مغشى ابيض,3,مقلم مغشى ابيض,,3ملم مقلم مغشى ابيض
4ملم مقلم اسيد ابيض(Yorglas),4,مقلم اسيد ابيض,Yorglas,4ملم مقلم اسيد ابيض
5ملم مقلم مغشى ابيض,5,مقلم مغشى ابيض,,5ملم مقلم مغشى ابيض
5ملم مقلم سادة كريسال,5,مقلم سادة كريسال,,5ملم مقلم سادة كريسال
3ملم مقلم مغشى برونز,3,مقلم مغشى برونز,,3ملم مقلم مغشى برونز
4ملم مقلم مغشى برونز,4,مقلم مغشى برونز,,4ملم مقلم مغشى برونز
5ملم مقلم مغشى برونز,5,مقلم مغشى برونز,,5ملم مقلم مغشى برونز
بامبو ابيض مغشى,,بامبو ابيض مغشى,,بامبو ابيض مغشى
دلتا    ابيض مغشى,,دلتا ابيض مغشى,,دلتا ابيض مغشى
شلال ابيض مغشى,,شلال ابيض مغشى,,شلال ابيض مغشى
بامبو برونز مغشى,,بامبو برونز مغشى,,بامبو برونز مغشى
دلتا   برونز مغشى,,دلتا برونز مغشى,,دلتا برونز مغشى
شلال برونز مغشى,,شلال برونز مغشى,,شلال برونز مغشى
3ملم سجادة اسيد ابيض,3,سجادة اسيد ابيض,,3ملم سجادة اسيد ابيض
4ملم سجادة اسيد ابيض33110,4,سجادة اسيد ابيض33110,,4ملم سجادة اسيد ابيض33110
5ملم سجادة اسيد ابيض,5,سجادة اسيد ابيض,,5ملم سجادة اسيد ابيض
3ملم عريشة اسيد ابيض,3,عريشة اسيد ابيض,,3ملم عريشة اسيد ابيض
4ملم عريشة اسيد ابيض,4,عريشة اسيد ابيض,,4ملم عريشة اسيد ابيض
5ملم عريشة اسيد ابيض,5,عريشة اسيد ابيض,,5ملم عريشة اسيد ابيض
3ملم منقط اسيد ابيض,3,منقط اسيد ابيض,,3ملم منقط اسيد ابيض
4ملم منقط اسيد ابيض33117,4,منقط اسيد ابيض33117,,4ملم منقط اسيد ابيض33117
5ملم منقط اسيد ابيض(مشكل ),5,منقط اسيد ابيض,مشكل,5ملم منقط اسيد ابيض
3ملم زيتوني اسيد ابيض,3,زيتوني اسيد ابيض,,3ملم زيتوني اسيد ابيض
4ملم زيتوني اسيد ابيض33115,4,زيتوني اسيد ابيض33115,,4ملم زيتوني اسيد ابيض33115
5ملم زيتوني اسيد ابيض,5,زيتوني اسيد ابيض,,5ملم زيتوني اسيد ابيض
3ملم ياسمين اسيد ابيض,3,ياسمين اسيد ابيض,,3ملم ياسمين اسيد ابيض
4ملم ياسمين اسيد ابيض,4,ياسمين اسيد ابيض,,4ملم ياسمين اسيد ابيض
5ملم ياسمين اسيد ابيض,5,ياسمين اسيد ابيض,,5ملم ياسمين اسيد ابيض
4ملم وردة كارى اسيد ابيضDSG-017,4,وردة كارى اسيد ابيضDSG-017,,4ملم وردة كارى اسيد ابيضDSG-017
3ملم جنزير اسيد ابيض,3,جنزير اسيد ابيض,,3ملم جنزير اسيد ابيض
5لم جنزير اسيد ابيض,5,جنزير اسيد ابيض,,5ملم جنزير اسيد ابيض
4ملم دلتا اسيد ابيضODG,4,دلتا اسيد ابيضODG,,4ملم دلتا اسيد ابيضODG
3ملم منقط اسيد برونز,3,منقط اسيد برونز,,3ملم منقط اسيد برونز
4ملم منقط اسيد برونز,4,منقط اسيد برونز,,4ملم منقط اسيد برونز
5ملم منقط اسيد برونز,5,منقط اسيد برونز,,5ملم منقط اسيد برونز
3ملم سجادة اسيد برونز,3,سجادة اسيد برونز,,3ملم سجادة اسيد برونز
4ملم سجادة اسيد برونز33110,4,سجادة اسيد برونز33110,,4ملم سجادة اسيد برونز33110
5ملم سجادة اسيد برونز,5,سجادة اسيد برونز,,5ملم سجادة اسيد برونز
3ملم عريشة اسيد برونز,3,عريشة اسيد برونز,,3ملم عريشة اسيد برونز
5ملم عريشة اسيد برونز,5,عريشة اسيد برونز,,5ملم عريشة اسيد برونز
3ملم زيتوني اسيد برونز,3,زيتوني اسيد برونز,,3ملم زيتوني اسيد برونز
4ملم زيتوني اسيد برونز33115,4,زيتوني اسيد برونز33115,,4ملم زيتوني اسيد برونز33115
5ملم زيتوني اسيد برونز,5,زيتوني اسيد برونز,,5ملم زيتوني اسيد برونز
3ملم ياسمين اسيد برونز,3,ياسمين اسيد برونز,,3ملم ياسمين اسيد برونز
5ملم ياسمين اسيد برونز,5,ياسمين اسيد برونز,,5ملم ياسمين اسيد برونز
4ملم وردة كارى اسيد برونزDSG-017,4,وردة كارى اسيد برونزDSG-017,,4ملم وردة كارى اسيد برونزDSG-017
3ملم جنزير اسيد برونز,3,جنزير اسيد برونز,,3ملم جنزير اسيد برونز
4ملم جنزير اسيد برونز,4,جنزير اسيد برونز,,4ملم جنزير اسيد برونز
5ملم جنزير اسيد برونز,5,جنزير اسيد برونز,,5ملم جنزير اسيد برونز
4ملم نانسي اسيد برونز(yorglas),4,نانسي اسيد برونز,yorglas,4ملم نانسي اسيد برونز
4ملم دلتا اسيد برونزODGMAP,4,دلتا اسيد برونزODGMAP,,4ملم دلتا اسيد برونزODGMAP
(1)محجر اسيد ديكور,,محجر اسيد ديكور,1,محجر اسيد ديكور
12ملم ابيض(Sphinx),12,ابيض,Sphinx,12ملم ابيض
4ملم برونز,4,برونز,,4ملم برونز
5.5ملم ازرق فاتح(SISECAM ),5.5,ازرق فاتح,SISECAM,5.5ملم ازرق فاتح
4ملم مغشى ابيض,4,مغشى ابيض,,4ملم مغشى ابيض
5ملم مرايا ابيض(SISECAM ),5,مرايا ابيض,SISECAM,5ملم مرايا ابيض
5ملم مرايا برونز(SISECAM ),5,مرايا برونز,SISECAM,5ملم مرايا برونز
6ملم مرايا برونز(SISECAM ),6,مرايا برونز,SISECAM,6ملم مرايا برونز
4ملم دلتا اسيد ابيضODG,4,دلتا اسيد ابيضODG,,4ملم دلتا اسيد ابيضODG
4ملم زيتوني اسيد ابيض33115,4,زيتوني اسيد ابيض33115,,4ملم زيتوني اسيد ابيض33115
4ملم دلتا اسيد برونزODGMAP,4,دلتا اسيد برونزODGMAP,,4ملم دلتا اسيد برونزODGMAP
4ملم ياسمين اسيد برونز33134,4,ياسمين اسيد برونز33134,,4ملم ياسمين اسيد برونز33134
4ملم زيتوني اسيد برونز33115,4,زيتوني اسيد برونز33115,,4ملم زيتوني اسيد برونز33115
4ملم سجادة اسيد ابيض33110,4,سجادة اسيد ابيض33110,,4ملم سجادة اسيد ابيض33110
4ملم عريشة اسيد ابيض33120,4,عريشة اسيد ابيض33120,,4ملم عريشة اسيد ابيض33120
4ملم عريشة اسيد برونز33120,4,عريشة اسيد برونز33120,,4ملم عريشة اسيد برونز33120
8،2ملم تريبلكس ابيض(SISECAM),2,8، تريبلكس ابيض,SISECAM,2ملم 8، تريبلكس ابيض
10ملم تريبلكس ابيض(SISECAM),10,تريبلكس ابيض,SISECAM,10ملم تريبلكس ابيض
4ملم كريستال,4,كريستال,,4ملم كريستال
 2ملم بلور(Sphinx),2,بلور,Sphinx,2ملم بلور
 2ملم بلور(Sphinx),2,بلور,Sphinx,2ملم بلور
8ملم عاكس LOW-E(Guardian),8,عاكس LOW-E,Guardian,8ملم عاكس LOW-E
5.5ملم اسود(SISECAM ),5.5,اسود,SISECAM,5.5ملم اسود
5ملم برونز(Sphinx),5,برونز,Sphinx,5ملم برونز
6ملم عاكسSuper Silver (Sphinx),6,عاكسSuper Silver,Sphinx,6ملم عاكسSuper Silver
4ملم محجر زلحفة ازرق,4,محجر زلحفة ازرق,,4ملم محجر زلحفة ازرق
4ملم محجر شلال  برونز,4,محجر شلال برونز,,4ملم محجر شلال برونز
5.5ملم اخضر فاتح(SISECAM ),5.5,اخضر فاتح,SISECAM,5.5ملم اخضر فاتح
5.5ملم اخضر فاتح(SISECAM ),5.5,اخضر فاتح,SISECAM,5.5ملم اخضر فاتح
5.5ملم اخضر فاتح(SISECAM ),5.5,اخضر فاتح,SISECAM,5.5ملم اخضر فاتح
5.5ملم ابيض(SISECAM ),5.5,ابيض,SISECAM,5.5ملم ابيض
5.5ملم ابيض(SISECAM ),5.5,ابيض,SISECAM,5.5ملم ابيض
5.5ملم ابيض(SISECAM ),5.5,ابيض,SISECAM,5.5ملم ابيض
10ملم ابيض(SISECAM ),10,ابيض,SISECAM,10ملم ابيض
8ملم اسود(SISECAM ),8,اسود,SISECAM,8ملم اسود
5.5ملم برونز(SISECAM ),5.5,برونز,SISECAM,5.5ملم برونز
5.5ملم برونز(SISECAM ),5.5,برونز,SISECAM,5.5ملم برونز
5.5ملم برونز(SISECAM ),5.5,برونز,SISECAM,5.5ملم برونز
5ملم مرايا برونز(SISECAM ),5,مرايا برونز,SISECAM,5ملم مرايا برونز
8ملم برونز(SISECAM ),8,برونز,SISECAM,8ملم برونز
5ملم ابيض(Sphinx),5,ابيض,Sphinx,5ملم ابيض
15ملم ابيض(Sphinx),15,ابيض,Sphinx,15ملم ابيض
6ملم ابيض(SISECAM ),6,ابيض,SISECAM,6ملم ابيض
8ملم ابيض(SISECAM ),8,ابيض,SISECAM,8ملم ابيض
8ملم ابيض(SISECAM ),8,ابيض,SISECAM,8ملم ابيض
5.5ملم اسود(SISECAM ),5.5,اسود,SISECAM,5.5ملم اسود
5.5ملم برش ابيض(SISECAM ),5.5,برش ابيض,SISECAM,5.5ملم برش ابيض
5.5ملم برونز(SISECAM ),5.5,برونز,SISECAM,5.5ملم برونز
5.5ملم برونز(SISECAM ),5.5,برونز,SISECAM,5.5ملم برونز
5.5ملم عاكس برونز(SISECAM ),5.5,عاكس برونز,SISECAM,5.5ملم عاكس برونز
5.5ملم عاكس برونز(SISECAM ),5.5,عاكس برونز,SISECAM,5.5ملم عاكس برونز
6ملم مرايا برونز(SISECAM ),6,مرايا برونز,SISECAM,6ملم مرايا برونز
6ملم عاكس ازرق فاتح(SISECAM),6,عاكس ازرق فاتح,SISECAM,6ملم عاكس ازرق فاتح
19ملم ابيض(Shandong Fluent),19,ابيض,Shandong Fluent,19ملم ابيض
5.5ملم ازرق فاتح(SISECAM ),5.5,ازرق فاتح,SISECAM,5.5ملم ازرق فاتح
5.5ملم ازرق فاتح(SISECAM ),5.5,ازرق فاتح,SISECAM,5.5ملم ازرق فاتح
8ملم ازرق فاتح(SISECAM ),8,ازرق فاتح,SISECAM,8ملم ازرق فاتح
8ملم ازرق فاتح(SISECAM ),8,ازرق فاتح,SISECAM,8ملم ازرق فاتح
8ملم تريبلكس ابيض(SISECAM),8,تريبلكس ابيض,SISECAM,8ملم تريبلكس ابيض
10ملم تريبلكس ابيض(SISECAM),10,تريبلكس ابيض,SISECAM,10ملم تريبلكس ابيض
4ملم برش ابيض(SISECAM ),4,برش ابيض,SISECAM,4ملم برش ابيض
8ملم برش ابيض(SISECAM ),8,برش ابيض,SISECAM,8ملم برش ابيض
6ملم مشرط ابيض(SISECAM ),6,مشرط ابيض,SISECAM,6ملم مشرط ابيض
6ملم مشرط ابيض(SISECAM ),6,مشرط ابيض,SISECAM,6ملم مشرط ابيض
6ملم مشرط ابيض(SISECAM ),6,مشرط ابيض,SISECAM,6ملم مشرط ابيض
12ملم كريستال(AGC),12,كريستال,AGC,12ملم كريستال
10ملم اسود(Sphinx),10,اسود,Sphinx,10ملم اسود
15ملم ابيض (S.G),15,ابيض,S.G,15ملم ابيض
8ملم اخضر فاتح(Sphinx),8,اخضر فاتح,Sphinx,8ملم اخضر فاتح
10ملم اخضر فاتح(Sphinx),10,اخضر فاتح,Sphinx,10ملم اخضر فاتح
8ملم اسود(Sphinx),8,اسود,Sphinx,8ملم اسود
5.5ملم اخضر فاتح(Sphinx),5.5,اخضر فاتح,Sphinx,5.5ملم اخضر فاتح
5.5ملم اخضر فاتح(Sphinx),5.5,اخضر فاتح,Sphinx,5.5ملم اخضر فاتح
5.5ملم اخضر فاتح(Sphinx),5.5,اخضر فاتح,Sphinx,5.5ملم اخضر فاتح
5.5ملم اخضر فاتح(Sphinx),5.5,اخضر فاتح,Sphinx,5.5ملم اخضر فاتح
5.5ملم اخضر فاتح(Sphinx),5.5,اخضر فاتح,Sphinx,5.5ملم اخضر فاتح
6ملم عاكس اخضر فاتح(Sphinx),6,عاكس اخضر فاتح,Sphinx,6ملم عاكس اخضر فاتح
8ملم اخضر فاتح(Sphinx),8,اخضر فاتح,Sphinx,8ملم اخضر فاتح
10ملم اخضر فاتح(Sphinx),10,اخضر فاتح,Sphinx,10ملم اخضر فاتح
10ملم برش ابيض,10,برش ابيض,,10ملم برش ابيض
12ملم برونز,12,برونز,,12ملم برونز
6ملم تريبلكس مغشى(SISECAM),6,تريبلكس مغشى,SISECAM,6ملم تريبلكس مغشى
5.5ملم عاكس اخضر فاتح(Sphinx),5.5,عاكس اخضر فاتح,Sphinx,5.5ملم عاكس اخضر فاتح
5.5ملم عاكس اخضر فاتح(Sphinx),5.5,عاكس اخضر فاتح,Sphinx,5.5ملم عاكس اخضر فاتح
5.5ملم عاكس برونز(Sphinx),5.5,عاكس برونز,Sphinx,5.5ملم عاكس برونز
12ملم تريبلكس ابيض.2 Silance(SISECAM),12,تريبلكس ابيض.2 Silance,SISECAM,12ملم تريبلكس ابيض.2 Silance
3ملم مرايا ابيض(Silver ),3,مرايا ابيض,Silver,3ملم مرايا ابيض
12ملم اسود(Majed s.g.g),12,اسود,Majed s.g.g,12ملم اسود
8ملم تريبلكس ابيض(Trakya ),8,تريبلكس ابيض,Trakya,8ملم تريبلكس ابيض
10ملم تريبلكس مغشى(SISECAM),10,تريبلكس مغشى,SISECAM,10ملم تريبلكس مغشى
12ملم تريبلكس ابيض(SISECAM),12,تريبلكس ابيض,SISECAM,12ملم تريبلكس ابيض
4ملم محجر بازل  برونز,4,محجر بازل برونز,,4ملم محجر بازل برونز
2.7ملم بلور(Sphinx),2.7,بلور,Sphinx,2.7ملم بلور
5.5ملم ابيض(Sphinx),5.5,ابيض,Sphinx,5.5ملم ابيض
5.5ملم ابيض(Sphinx),5.5,ابيض,Sphinx,5.5ملم ابيض
5.5ملم ابيض(Sphinx),5.5,ابيض,Sphinx,5.5ملم ابيض
5.5ملم ابيض(Sphinx),5.5,ابيض,Sphinx,5.5ملم ابيض
5.5ملم ابيض(Sphinx),5.5,ابيض,Sphinx,5.5ملم ابيض
5.5ملم ابيض(Sphinx),5.5,ابيض,Sphinx,5.5ملم ابيض
5.5ملم ابيض(Sphinx),5.5,ابيض,Sphinx,5.5ملم ابيض
8ملم ابيض(Sphinx),8,ابيض,Sphinx,8ملم ابيض
4ملم ياسمين اسيد ابيض,4,ياسمين اسيد ابيض,,4ملم ياسمين اسيد ابيض
4ملم جنزير اسيد ابيض,4,جنزير اسيد ابيض,,4ملم جنزير اسيد ابيض
4ملم دلتا اسيد برونز,4,دلتا اسيد برونز,,4ملم دلتا اسيد برونز
4ملم سجادة اسيد برونز33110,4,سجادة اسيد برونز33110,,4ملم سجادة اسيد برونز33110
10ملم ابيض(SISECAM ),10,ابيض,SISECAM,10ملم ابيض
10ملم ابيض(SISECAM ),10,ابيض,SISECAM,10ملم ابيض
8ملم ابيض(SISECAM ),8,ابيض,SISECAM,8ملم ابيض
8ملم ابيض(Trakya ),8,ابيض,Trakya,8ملم ابيض
12ملم برونز(Shandjing),12,برونز,Shandjing,12ملم برونز
12ملم ابيض(Guardianامراتي),12,ابيض,Guardianامراتي,12ملم ابيض
12ملم ابيض(Gardien),12,ابيض,Gardien,12ملم ابيض
5.5ملم اخضر فاتح(Sphinx),5.5,اخضر فاتح,Sphinx,5.5ملم اخضر فاتح
6ملم ابيض(SISECAM ),6,ابيض,SISECAM,6ملم ابيض
6ملم ابيض(SISECAM ),6,ابيض,SISECAM,6ملم ابيض
6ملم ابيض(SISECAM ),6,ابيض,SISECAM,6ملم ابيض
6ملم ابيض(SISECAM ),6,ابيض,SISECAM,6ملم ابيض
8ملم تريبلكس ابيض(SISECAM),8,تريبلكس ابيض,SISECAM,8ملم تريبلكس ابيض
6ملم تريبلكس ابيض(AGC),6,تريبلكس ابيض,AGC,6ملم تريبلكس ابيض
10ملم تريبلكس ابيض(SISECAM),10,تريبلكس ابيض,SISECAM,10ملم تريبلكس ابيض
10ملم تريبلكس ابيض(Trakya ),10,تريبلكس ابيض,Trakya,10ملم تريبلكس ابيض
8ملم تريبلكس ابيض(Trakya ),8,تريبلكس ابيض,Trakya,8ملم تريبلكس ابيض
8،2ملم تريبلكس ابيض(Trakya ),2,8، تريبلكس ابيض,Trakya,2ملم 8، تريبلكس ابيض
6ملم تريبلكس ابيض(SISECAM),6,تريبلكس ابيض,SISECAM,6ملم تريبلكس ابيض
8ملم تريبلكس ابيض(SISECAM),8,تريبلكس ابيض,SISECAM,8ملم تريبلكس ابيض
10ملم تريبلكس مغشى(SISECAM),10,تريبلكس مغشى,SISECAM,10ملم تريبلكس مغشى
10ملم تريبلكس برونز(SISECAM),10,تريبلكس برونز,SISECAM,10ملم تريبلكس برونز
12ملم تريبلكس برونز(SISECAM),12,تريبلكس برونز,SISECAM,12ملم تريبلكس برونز
8ملم تريبلكس ابيض(SISECAM),8,تريبلكس ابيض,SISECAM,8ملم تريبلكس ابيض
8،2ملم تريبلكس ابيض(SISECAM),2,8، تريبلكس ابيض,SISECAM,2ملم 8، تريبلكس ابيض
16ملم تريبلكس ابيض(SISECAM),16,تريبلكس ابيض,SISECAM,16ملم تريبلكس ابيض
5ملم مرايا ابيض(SISECAM ),5,مرايا ابيض,SISECAM,5ملم مرايا ابيض
5.5ملم عاكس برونز(Falcon),5.5,عاكس برونز,Falcon,5.5ملم عاكس برونز
19ملم ابيض(Hebei CSG),19,ابيض,Hebei CSG,19ملم ابيض
6ملم تريبلكس ابيض(SISECAM),6,تريبلكس ابيض,SISECAM,6ملم تريبلكس ابيض
8ملم تريبلكس مغشى(SISECAM)علام,8,تريبلكس مغشىعلام,SISECAM,8ملم تريبلكس مغشىعلام
6ملم تريبلكس ابيض(SISECAM),6,تريبلكس ابيض,SISECAM,6ملم تريبلكس ابيض
12ملم ابيض(Gardien),12,ابيض,Gardien,12ملم ابيض
10ملم ازرق فاتح(Shandjing),10,ازرق فاتح,Shandjing,10ملم ازرق فاتح
5ملم مرايا ابيض(Intex silver),5,مرايا ابيض,Intex silver,5ملم مرايا ابيض
6ملم كريستال(Corpotrad),6,كريستال,Corpotrad,6ملم كريستال
5ملم محجر بامبو  برونز(TGQingdao),5,محجر بامبو برونز,TGQingdao,5ملم محجر بامبو برونز
 2ملم بلور(TGQingdao),2,بلور,TGQingdao,2ملم بلور
6ملم مرايا اسود(SISECAM ),6,مرايا اسود,SISECAM,6ملم مرايا اسود
5ملم مرايا ابيض(Intex),5,مرايا ابيض,Intex,5ملم مرايا ابيض
6ملم اسود(SISECAM ),6,اسود,SISECAM,6ملم اسود
3.7 ملم برونز(SISECAM ),3.7,برونز,SISECAM,3.7ملم برونز
5ملم برونز(SISECAM ),5,برونز,SISECAM,5ملم برونز
8ملم برونز(SISECAM ),8,برونز,SISECAM,8ملم برونز
4ملم مرايا ابيض(SISECAM ),4,مرايا ابيض,SISECAM,4ملم مرايا ابيض
10ملم عاكس برونز(SISECAM ),10,عاكس برونز,SISECAM,10ملم عاكس برونز
4ملم مرايا ابيض(SISECAM ),4,مرايا ابيض,SISECAM,4ملم مرايا ابيض
4ملم مرايا ابيض(SISECAM ),4,مرايا ابيض,SISECAM,4ملم مرايا ابيض
5ملم مرايا ابيض(SISECAM ),5,مرايا ابيض,SISECAM,5ملم مرايا ابيض
5ملم مرايا ابيض(SISECAM ),5,مرايا ابيض,SISECAM,5ملم مرايا ابيض
5ملم مرايا ابيض(SISECAM ),5,مرايا ابيض,SISECAM,5ملم مرايا ابيض
5ملم مرايا ابيض(SISECAM ),5,مرايا ابيض,SISECAM,5ملم مرايا ابيض
5ملم مرايا ابيض(SISECAM ),5,مرايا ابيض,SISECAM,5ملم مرايا ابيض
6ملم مرايا ابيض(SISECAM ),6,مرايا ابيض,SISECAM,6ملم مرايا ابيض
6ملم مرايا ابيض(SISECAM ),6,مرايا ابيض,SISECAM,6ملم مرايا ابيض
6ملم مرايا ابيض(SISECAM ),6,مرايا ابيض,SISECAM,6ملم مرايا ابيض
12ملم ابيض(SISECAM ),12,ابيض,SISECAM,12ملم ابيض
8ملم عاكس ابيض(SISECAM),8,عاكس ابيض,SISECAM,8ملم عاكس ابيض
12ملم ابيض(SISECAM ),12,ابيض,SISECAM,12ملم ابيض
6ملم اسود(SISECAM ),6,اسود,SISECAM,6ملم اسود
5ملم اسود(SISECAM ),5,اسود,SISECAM,5ملم اسود
6ملم اسود(SISECAM ),6,اسود,SISECAM,6ملم اسود
6ملم اسود(SISECAM ),6,اسود,SISECAM,6ملم اسود
6ملم اسود(SISECAM ),6,اسود,SISECAM,6ملم اسود
4ملم ابيض(Sphinx),4,ابيض,Sphinx,4ملم ابيض
4ملم ابيض(Sphinx),4,ابيض,Sphinx,4ملم ابيض
6ملم ابيض(Sphinx),6,ابيض,Sphinx,6ملم ابيض
4ملم ابيض(Sphinx),4,ابيض,Sphinx,4ملم ابيض
5ملم مرايا ابيض(SISECAM ),5,مرايا ابيض,SISECAM,5ملم مرايا ابيض
5ملم مرايا ابيض(SISECAM ),5,مرايا ابيض,SISECAM,5ملم مرايا ابيض
12ملم تريبلكس ابيض(SISECAM),12,تريبلكس ابيض,SISECAM,12ملم تريبلكس ابيض
10ملم تريبلكس ابيض(SISECAM),10,تريبلكس ابيض,SISECAM,10ملم تريبلكس ابيض
12ملم تريبلكس ابيض(SISECAM),12,تريبلكس ابيض,SISECAM,12ملم تريبلكس ابيض
5.5ملم اسود(SISECAM ),5.5,اسود,SISECAM,5.5ملم اسود
5.5ملم اسود(SISECAM ),5.5,اسود,SISECAM,5.5ملم اسود
5.5ملم اسود(SISECAM ),5.5,اسود,SISECAM,5.5ملم اسود
5.5ملم اسود(SISECAM ),5.5,اسود,SISECAM,5.5ملم اسود
12ملم ابيض (S G),12,ابيض,S G,12ملم ابيض
6ملم مغشى اسيد(XingHaoZhu),6,مغشى اسيد,XingHaoZhu,6ملم مغشى اسيد
6ملم تريبلكس ابيض(SISECAM),6,تريبلكس ابيض,SISECAM,6ملم تريبلكس ابيض
12ملم ابيض (S G),12,ابيض,S G,12ملم ابيض
12ملم ابيض (S G),12,ابيض,S G,12ملم ابيض
12ملم ابيض (S G),12,ابيض,S G,12ملم ابيض
12ملم كريستال(AGC),12,كريستال,AGC,12ملم كريستال
6ملم تريبلكس مغشى(SISECAM),6,تريبلكس مغشى,SISECAM,6ملم تريبلكس مغشى
6ملم تريبلكس مغشى(SISECAM),6,تريبلكس مغشى,SISECAM,6ملم تريبلكس مغشى
3ملم مرايا ابيض(Haisen Aluminum),3,مرايا ابيض,Haisen Aluminum,3ملم مرايا ابيض
3ملم مرايا ابيض(Haisen),3,مرايا ابيض,Haisen,3ملم مرايا ابيض
4ملم مرايا ابيض(Intex Silver),4,مرايا ابيض,Intex Silver,4ملم مرايا ابيض
10ملم مغشى اسيد(Yorglas),10,مغشى اسيد,Yorglas,10ملم مغشى اسيد
6ملم مغشى اسيد(Yorglas),6,مغشى اسيد,Yorglas,6ملم مغشى اسيد
8ملم مغشى اسيد(Yorglas)علام,8,مغشى اسيدعلام,Yorglas,8ملم مغشى اسيدعلام
5.5ملم ابيض(Sphinx),5.5,ابيض,Sphinx,5.5ملم ابيض
4ملم اخضر فاتح,4,اخضر فاتح,,4ملم اخضر فاتح
12ملم ابيض(Sphinx),12,ابيض,Sphinx,12ملم ابيض
12ملم ابيض(Sphinx),12,ابيض,Sphinx,12ملم ابيض
5ملم مرايا ابيض (Tess Aluminum),5,مرايا ابيض,Tess Aluminum,5ملم مرايا ابيض
4ملم مرايا ابيض(Alum Haisen),4,مرايا ابيض,Alum Haisen,4ملم مرايا ابيض
5.5ملم برونز (S.G),5.5,برونز,S.G,5.5ملم برونز
15ملم ابيض(Hebei CSG),15,ابيض,Hebei CSG,15ملم ابيض
15ملم ابيض(Hebei CSG),15,ابيض,Hebei CSG,15ملم ابيض
10ملم ابيض(SISECAM ),10,ابيض,SISECAM,10ملم ابيض
15ملم ابيض(Hebei CSG),15,ابيض,Hebei CSG,15ملم ابيض
4ملم وردة كارى اسيد برونزDSG-017,4,وردة كارى اسيد برونزDSG-017,,4ملم وردة كارى اسيد برونزDSG-017
4ملم زيتوني اسيد برونز33115,4,زيتوني اسيد برونز33115,,4ملم زيتوني اسيد برونز33115
4ملم دلتا اسيد برونز,4,دلتا اسيد برونز,,4ملم دلتا اسيد برونز
10ملم ابيض(SISECAM ),10,ابيض,SISECAM,10ملم ابيض
5.5ملم ابيض(SISECAM ),5.5,ابيض,SISECAM,5.5ملم ابيض
5ملم ابيض(SISECAM ),5,ابيض,SISECAM,5ملم ابيض
4ملم مرايا ابيض(AGC),4,مرايا ابيض,AGC,4ملم مرايا ابيض
8ملم عاكس برونز(S.G),8,عاكس برونز,S.G,8ملم عاكس برونز
4ملم محجر طاووس  ابيض(Cairo),4,محجر طاووس ابيض,Cairo,4ملم محجر طاووس ابيض
8ملم كريستال(Xinyi),8,كريستال,Xinyi,8ملم كريستال
5.5ملم عاكس برونز(Falcon),5.5,عاكس برونز,Falcon,5.5ملم عاكس برونز
8ملم تريبلكس silance(SISECAM,8,تريبلكس silance(SISECAM,,8ملم تريبلكس silance(SISECAM
12ملم ابيض(SISECAM ),12,ابيض,SISECAM,12ملم ابيض
12ملم ابيض(SISECAM ),12,ابيض,SISECAM,12ملم ابيض
12ملم ابيض(SISECAM ),12,ابيض,SISECAM,12ملم ابيض
10ملم ابيض(SISECAM ),10,ابيض,SISECAM,10ملم ابيض
12ملم ابيض(SISECAM ),12,ابيض,SISECAM,12ملم ابيض
10ملم برونز(SISECAM ),10,برونز,SISECAM,10ملم برونز
5.5ملم ازرق غامق(Falcon),5.5,ازرق غامق,Falcon,5.5ملم ازرق غامق
8ملم عاكس برونز(SISECAM),8,عاكس برونز,SISECAM,8ملم عاكس برونز
8ملم عاكس برونز(SISECAM),8,عاكس برونز,SISECAM,8ملم عاكس برونز
5.5ملم اخضر غامق(Falcon),5.5,اخضر غامق,Falcon,5.5ملم اخضر غامق
5.5ملم اخضر غامق(Falcon),5.5,اخضر غامق,Falcon,5.5ملم اخضر غامق
3ملم مرايا ابيض(Tess Aluminum),3,مرايا ابيض,Tess Aluminum,3ملم مرايا ابيض
12ملم ابيض (S G),12,ابيض,S G,12ملم ابيض
5ملم برونز(SISECAM ),5,برونز,SISECAM,5ملم برونز
5.5ملم ابيض(Sphinx ),5.5,ابيض,Sphinx,5.5ملم ابيض
5.5ملم ابيض(Sphinx),5.5,ابيض,Sphinx,5.5ملم ابيض
8ملم ابيض(Sphinx),8,ابيض,Sphinx,8ملم ابيض
5.5ملم ابيض(Trakya ),5.5,ابيض,Trakya,5.5ملم ابيض
5.5ملم ابيض(Trakya ),5.5,ابيض,Trakya,5.5ملم ابيض
5.5ملم ابيض(Trakya ),5.5,ابيض,Trakya,5.5ملم ابيض
5.5ملم ابيض(Trakya ),5.5,ابيض,Trakya,5.5ملم ابيض
5.5ملم ابيض(ITALIA ),5.5,ابيض,ITALIA,5.5ملم ابيض
5.5ملم ابيض(Trakya ),5.5,ابيض,Trakya,5.5ملم ابيض
5.5ملم ابيض(Trakya ),5.5,ابيض,Trakya,5.5ملم ابيض
5.5ملم ابيض(Trakya ),5.5,ابيض,Trakya,5.5ملم ابيض
5.5ملم ابيض(Trakya ),5.5,ابيض,Trakya,5.5ملم ابيض
8ملم ابيض(Trakya ),8,ابيض,Trakya,8ملم ابيض
8ملم ابيض(Trakya ),8,ابيض,Trakya,8ملم ابيض
8ملم ابيض(Trakya ),8,ابيض,Trakya,8ملم ابيض
8ملم ابيض(Trakya ),8,ابيض,Trakya,8ملم ابيض
8ملم ابيض(Trakya ),8,ابيض,Trakya,8ملم ابيض
10ملم ابيض(Trakya ),10,ابيض,Trakya,10ملم ابيض
10ملم ابيض(Trakya ),10,ابيض,Trakya,10ملم ابيض
10ملم ابيض(Trakya ),10,ابيض,Trakya,10ملم ابيض
5.5ملم ابيض(Trakya ),5.5,ابيض,Trakya,5.5ملم ابيض
5.5ملم ابيض(Trakya ),5.5,ابيض,Trakya,5.5ملم ابيض
10ملم ابيض(Trakya ),10,ابيض,Trakya,10ملم ابيض
6ملم برونز(SISECAM ),6,برونز,SISECAM,6ملم برونز
6ملم برونز(SISECAM ),6,برونز,SISECAM,6ملم برونز
5.5ملم اسود(SISECAM ),5.5,اسود,SISECAM,5.5ملم اسود
10ملم اسود(SISECAM ),10,اسود,SISECAM,10ملم اسود
10ملم برونز(SISECAM ),10,برونز,SISECAM,10ملم برونز
8ملم برونز(SISECAM ),8,برونز,SISECAM,8ملم برونز
5.5ملم ابيض(SISECAM ),5.5,ابيض,SISECAM,5.5ملم ابيض
6ملم عاكس اسود فاتح(SISECAM ),6,عاكس اسود فاتح,SISECAM,6ملم عاكس اسود فاتح
15ملم ابيض(Shenzhen Yonjun),15,ابيض,Shenzhen Yonjun,15ملم ابيض
19ملم ابيض(Shenzhen Yonjun),19,ابيض,Shenzhen Yonjun,19ملم ابيض
8ملم اسود(SISECAM ),8,اسود,SISECAM,8ملم اسود
5.5ملم عاكس برونز(Falcon),5.5,عاكس برونز,Falcon,5.5ملم عاكس برونز
5.5ملم عاكس برونز(Fal),5.5,عاكس برونز,Fal,5.5ملم عاكس برونز
3ملم مرايا ابيض(Haisen Aluminum),3,مرايا ابيض,Haisen Aluminum,3ملم مرايا ابيض
4ملم محجر صليب ابيض(Cairo),4,محجر صليب ابيض,Cairo,4ملم محجر صليب ابيض
5.5ملم برش برونز(Cairo),5.5,برش برونز,Cairo,5.5ملم برش برونز
4ملم اسود(SISECAM ),4,اسود,SISECAM,4ملم اسود
8ملم تريبلكس ابيض(AGC),8,تريبلكس ابيض,AGC,8ملم تريبلكس ابيض
10ملم كريستال(Corpotrad),10,كريستال,Corpotrad,10ملم كريستال
15ملم كريستال(Xianning CSG),15,كريستال,Xianning CSG,15ملم كريستال
19ملم كريستال(Xianning CSG),19,كريستال,Xianning CSG,19ملم كريستال
5.5ملم عاكس ازرق فاتح(Falcon),5.5,عاكس ازرق فاتح,Falcon,5.5ملم عاكس ازرق فاتح
6ملم ابيض(Trakya ),6,ابيض,Trakya,6ملم ابيض
6ملم ابيض(Trakya ),6,ابيض,Trakya,6ملم ابيض
6ملم ابيض(Trakya ),6,ابيض,Trakya,6ملم ابيض
4ملم ابيض(Trakya ),4,ابيض,Trakya,4ملم ابيض
4ملم ابيض(Trakya ),4,ابيض,Trakya,4ملم ابيض
8ملم ابيض(Trakya ),8,ابيض,Trakya,8ملم ابيض
5.5ملم ابيض(Trakya ),5.5,ابيض,Trakya,5.5ملم ابيض
10ملم ابيض(Trakya ),10,ابيض,Trakya,10ملم ابيض
4ملم ابيض(Trakya ),4,ابيض,Trakya,4ملم ابيض
15ملم ابيض(Hebei CSG),15,ابيض,Hebei CSG,15ملم ابيض
10ملم ابيض(Sphinx),10,ابيض,Sphinx,10ملم ابيض
6ملم عاكسSuperSilver(Siseca),6,عاكسSuperSilver,Siseca,6ملم عاكسSuperSilver
5.5ملم عاكس ابيض (SISECAM),5.5,عاكس ابيض,SISECAM,5.5ملم عاكس ابيض
6ملم عاكس LOW-E (S.G),6,عاكس LOW-E,S.G,6ملم عاكس LOW-E
5ملم مقلم اسيد ابيض(Shan Xiangshi),5,مقلم اسيد ابيض,Shan Xiangshi,5ملم مقلم اسيد ابيض
5.5ملم ازرق فاتح(Falcon),5.5,ازرق فاتح,Falcon,5.5ملم ازرق فاتح
5.5ملم اخضر غامق(Zhongbo)ماجد,5.5,اخضر غامقماجد,Zhongbo,5.5ملم اخضر غامقماجد
5.5ملم عاكس ازرق فاتح(SISECAM),5.5,عاكس ازرق فاتح,SISECAM,5.5ملم عاكس ازرق فاتح
4ملم عريشة اسيد برونز33120,4,عريشة اسيد برونز33120,,4ملم عريشة اسيد برونز33120
4ملم وردة كارى اسيد برونزDSG-017,4,وردة كارى اسيد برونزDSG-017,,4ملم وردة كارى اسيد برونزDSG-017
3ملم برونز(SISECAM ),3,برونز,SISECAM,3ملم برونز
4ملم مرايا برونز(SISECAM ),4,مرايا برونز,SISECAM,4ملم مرايا برونز
8.2ملم تريبلكسsilance(Trakya ),8.2,تريبلكسsilance,Trakya,8.2ملم تريبلكسsilance
6ملم مرايا ابيض(Trakya ),6,مرايا ابيض,Trakya,6ملم مرايا ابيض
8ملم تريبلكس ابيض(AGC),8,تريبلكس ابيض,AGC,8ملم تريبلكس ابيض
5.5ملم ابيض(Sphinx),5.5,ابيض,Sphinx,5.5ملم ابيض
6ملم مرايا ابيض(Intex),6,مرايا ابيض,Intex,6ملم مرايا ابيض
5.5ملم ابيض(Trakya ),5.5,ابيض,Trakya,5.5ملم ابيض
5.5ملم ابيض(Trakya Transition ),5.5,ابيض,Trakya Transition,5.5ملم ابيض
12ملم مغشى اسيد(Yorglas),12,مغشى اسيد,Yorglas,12ملم مغشى اسيد
4ملم مرايا ابيض(Trakya ),4,مرايا ابيض,Trakya,4ملم مرايا ابيض
8ملم ابيض(S.G),8,ابيض,S.G,8ملم ابيض
8ملم ابيض(S.G),8,ابيض,S.G,8ملم ابيض
5.5ملم برونز (S.G),5.5,برونز,S.G,5.5ملم برونز
5.5ملم برونز (S.G),5.5,برونز,S.G,5.5ملم برونز
"5ملم عاكس ازرق غامق,3(Rongsheng) )",5,"عاكس ازرق غامق,3",Rongsheng,"5ملم عاكس ازرق غامق,3"
6ملم ابيض(Sphinx),6,ابيض,Sphinx,6ملم ابيض
5.5ملم برش برونز(Cairo),5.5,برش برونز,Cairo,5.5ملم برش برونز
4ملم محجر دلتا  برونز(Cairo),4,محجر دلتا برونز,Cairo,4ملم محجر دلتا برونز
5.5ملم برونز (S.G),5.5,برونز,S.G,5.5ملم برونز
5ملم محجر بامبو  برونز(Cairo),5,محجر بامبو برونز,Cairo,5ملم محجر بامبو برونز
10ملم ابيض(Sphinx),10,ابيض,Sphinx,10ملم ابيض
6ملم ابيض(Sphinx),6,ابيض,Sphinx,6ملم ابيض
5.5ملم ابيض(Sphinx),5.5,ابيض,Sphinx,5.5ملم ابيض
6ملم مرايا كريتسال ابيض(SISECAM ),6,مرايا كريتسال ابيض,SISECAM,6ملم مرايا كريتسال ابيض
 5.5ملم برونز(RIDER),5.5,برونز,RIDER,5.5ملم برونز
5.5ملم عاكس برونز(Rider ),5.5,عاكس برونز,Rider,5.5ملم عاكس برونز
5.5ملم عاكس اخضر غامق(MAJD),5.5,عاكس اخضر غامق,MAJD,5.5ملم عاكس اخضر غامق
5.5ملم عاكس اخضر غامق(Falcon),5.5,عاكس اخضر غامق,Falcon,5.5ملم عاكس اخضر غامق
5.5ملم اسود(Sphinx),5.5,اسود,Sphinx,5.5ملم اسود
6ملم كريستال(AGC),6,كريستال,AGC,6ملم كريستال
8ملم كريستال(AGC),8,كريستال,AGC,8ملم كريستال
5.5ملم ازرق غامق(RID),5.5,ازرق غامق,RID,5.5ملم ازرق غامق
5.5ملم عاكس ازرق غامق(RIDER),5.5,عاكس ازرق غامق,RIDER,5.5ملم عاكس ازرق غامق
 5.5ملم برونز(RIDER),5.5,برونز,RIDER,5.5ملم برونز
 5.5ملم برونز(RIDER),5.5,برونز,RIDER,5.5ملم برونز
 5.5ملم برونز(RIDER),5.5,برونز,RIDER,5.5ملم برونز
 5.5ملم برونز(RIDER),5.5,برونز,RIDER,5.5ملم برونز
 5.5ملم برونز(RIDER),5.5,برونز,RIDER,5.5ملم برونز
6ملم كريستال(AGC),6,كريستال,AGC,6ملم كريستال
6ملم كريستال(AGC),6,كريستال,AGC,6ملم كريستال
8ملم كريستال(AGC),8,كريستال,AGC,8ملم كريستال
8ملم كريستال(AGC),8,كريستال,AGC,8ملم كريستال
10ملم كريستال(AGC),10,كريستال,AGC,10ملم كريستال
10ملم كريستال(AGC),10,كريستال,AGC,10ملم كريستال
12ملم كريستال(AGC),12,كريستال,AGC,12ملم كريستال
6ملم تريبلكس ابيض(AGC),6,تريبلكس ابيض,AGC,6ملم تريبلكس ابيض
6ملم تريبلكس ابيض(AGC),6,تريبلكس ابيض,AGC,6ملم تريبلكس ابيض
8ملم تريبلكس ابيض(AGC),8,تريبلكس ابيض,AGC,8ملم تريبلكس ابيض
8ملم تريبلكس ابيض(AGC),8,تريبلكس ابيض,AGC,8ملم تريبلكس ابيض
12ملم تريبلكس ابيض(AGC),12,تريبلكس ابيض,AGC,12ملم تريبلكس ابيض
8ملم تريبلكس ابيض(AGC),8,تريبلكس ابيض,AGC,8ملم تريبلكس ابيض
6ملم تريبلكس ابيض(AGC),6,تريبلكس ابيض,AGC,6ملم تريبلكس ابيض
4ملم مرايا ابيض(Trakya ),4,مرايا ابيض,Trakya,4ملم مرايا ابيض
4ملم ابيض(SISECAM ),4,ابيض,SISECAM,4ملم ابيض
6ملم عاكس LOW-E(Guardian),6,عاكس LOW-E,Guardian,6ملم عاكس LOW-E
4ملم محجر صليب ابيض(El Nasr),4,محجر صليب ابيض,El Nasr,4ملم محجر صليب ابيض
8ملم عاكس LOW-E(Obeikan),8,عاكس LOW-E,Obeikan,8ملم عاكس LOW-E
6ملم عاكس LOW-E (AGC),6,عاكس LOW-E,AGC,6ملم عاكس LOW-E
6ملم عاكس LOW-E (AGC),6,عاكس LOW-E,AGC,6ملم عاكس LOW-E
5.5ملم برونز(SISECAM ),5.5,برونز,SISECAM,5.5ملم برونز
5.5ملم اخضر غامق(RIDER),5.5,اخضر غامق,RIDER,5.5ملم اخضر غامق
(1)مرايا 6 ملم معتق رقم,6,مرايا 6 متق رقم,1,6ملم مرايا 6 متق رقم
(2)مرايا 6 ملم معتق رقم,6,مرايا 6 متق رقم,2,6ملم مرايا 6 متق رقم
(1)مرايا 4 ملم معتق رقم,4,مرايا 4 متق رقم,1,4ملم مرايا 4 متق رقم
8ملم ابيض(SISECAM ),8,ابيض,SISECAM,8ملم ابيض
5.5ملم ابيض(U.F.G),5.5,ابيض,U.F.G,5.5ملم ابيض
8ملم ابيض(U.F.G),8,ابيض,U.F.G,8ملم ابيض
8ملم ابيض(U.F.G),8,ابيض,U.F.G,8ملم ابيض
8ملم ابيض(U.F.G),8,ابيض,U.F.G,8ملم ابيض
10ملم ابيض(U.F.G),10,ابيض,U.F.G,10ملم ابيض
5.5ملم ابيض(U.F.G),5.5,ابيض,U.F.G,5.5ملم ابيض
 2ملم بلور(Taiwan),2,بلور,Taiwan,2ملم بلور
4ملم مغشى اسيد(Yorglas),4,مغشى اسيد,Yorglas,4ملم مغشى اسيد
5.5ملم ابيض(U.F.G),5.5,ابيض,U.F.G,5.5ملم ابيض
5.5ملم ابيض(U.F.G),5.5,ابيض,U.F.G,5.5ملم ابيض
10ملم ابيض(U.F.G),10,ابيض,U.F.G,10ملم ابيض
12ملم ابيض(U.F.G),12,ابيض,U.F.G,12ملم ابيض
12ملم ابيض(U.F.G),12,ابيض,U.F.G,12ملم ابيض
12ملم ابيض(U.F.G),12,ابيض,U.F.G,12ملم ابيض
4ملم ابيض(Trakya ),4,ابيض,Trakya,4ملم ابيض
4ملم ابيض(Trakya ),4,ابيض,Trakya,4ملم ابيض
6ملم مشرط برونز(Guardian),6,مشرط برونز,Guardian,6ملم مشرط برونز
8ملم برش ابيض(SISECAM ),8,برش ابيض,SISECAM,8ملم برش ابيض
8ملم ابيض(U.F.G),8,ابيض,U.F.G,8ملم ابيض
12ملم ابيض(U.F.G),12,ابيض,U.F.G,12ملم ابيض
10ملم ابيض(U.F.G),10,ابيض,U.F.G,10ملم ابيض
5.5ملم ابيض(U.F.G),5.5,ابيض,U.F.G,5.5ملم ابيض
5.5ملم ابيض(U.F.G),5.5,ابيض,U.F.G,5.5ملم ابيض
8ملم برونز(SISECAM ),8,برونز,SISECAM,8ملم برونز
5.5ملم ابيض(Sphinx Transition),5.5,ابيض,Sphinx Transition,5.5ملم ابيض
5.5ملم ابيض(Sphinx Transition),5.5,ابيض,Sphinx Transition,5.5ملم ابيض
5.5ملم ابيض(Sphinx Transition),5.5,ابيض,Sphinx Transition,5.5ملم ابيض
5.5ملم ابيض(Sphinx Transition),5.5,ابيض,Sphinx Transition,5.5ملم ابيض
5.5ملم اسود(Sphinx Transition)RO,5.5,اسودRO,Sphinx Transition,5.5ملم اسودRO
5.5ملم اسود(Sphinx Transition)RO,5.5,اسودRO,Sphinx Transition,5.5ملم اسودRO
5.5ملم اسود(Sphinx Transition)T,5.5,اسودT,Sphinx Transition,5.5ملم اسودT
5.5ملم اسود(Sphinx Transition),5.5,اسود,Sphinx Transition,5.5ملم اسود
5.5ملم برونز(Sphinx),5.5,برونز,Sphinx,5.5ملم برونز
3ملم برونز(Sphinx),3,برونز,Sphinx,3ملم برونز
8ملم برونز(Sphinx),8,برونز,Sphinx,8ملم برونز
4ملم برونز(Sphinx),4,برونز,Sphinx,4ملم برونز
5.5ملم عاكس برونز(Sphinx),5.5,عاكس برونز,Sphinx,5.5ملم عاكس برونز
5.5ملم عاكس برونز(Sphinx),5.5,عاكس برونز,Sphinx,5.5ملم عاكس برونز
5.5ملم عاكس برونز(Sphinx),5.5,عاكس برونز,Sphinx,5.5ملم عاكس برونز
5.5ملم عاكس برونز(Sphinx),5.5,عاكس برونز,Sphinx,5.5ملم عاكس برونز
5.5ملم عاكس اسود فاتح(Sphinx),5.5,عاكس اسود فاتح,Sphinx,5.5ملم عاكس اسود فاتح
5.5ملم عاكس اسود فاتح(Sphinx),5.5,عاكس اسود فاتح,Sphinx,5.5ملم عاكس اسود فاتح
5.5ملم اسود(Sphinx),5.5,اسود,Sphinx,5.5ملم اسود
5.5ملم اخضر فاتح(Sphinx),5.5,اخضر فاتح,Sphinx,5.5ملم اخضر فاتح
6ملم بلو غرين(RIDER),6,بلو غرين,RIDER,6ملم بلو غرين
4ملم مرايا ابيض,4,مرايا ابيض,,4ملم مرايا ابيض
5ملم مرايا ابيض(Silver ),5,مرايا ابيض,Silver,5ملم مرايا ابيض
5.5ملم برش ابيض(SISECAM ),5.5,برش ابيض,SISECAM,5.5ملم برش ابيض
10ملم ابيض(Sphinx),10,ابيض,Sphinx,10ملم ابيض
6ملم عاكس LOW-E (AGC),6,عاكس LOW-E,AGC,6ملم عاكس LOW-E
8ملم تريبلكس LOW-E(AGC),8,تريبلكس LOW-E,AGC,8ملم تريبلكس LOW-E
5.5ملم ابيض(Sphinx),5.5,ابيض,Sphinx,5.5ملم ابيض
19ملم ابيض(Hebei CSG),19,ابيض,Hebei CSG,19ملم ابيض
5.3ملم ازرق غامق(BlueStar),5.3,ازرق غامق,BlueStar,5.3ملم ازرق غامق
6ملم مغشى ابيض,6,مغشى ابيض,,6ملم مغشى ابيض
5.5 اسود غامق,,5.5 اسود غامق,,5.5 اسود غامق
8ملم تريبلكس ابيض(AGC),8,تريبلكس ابيض,AGC,8ملم تريبلكس ابيض
6ملم تريبلكس ابيض(AGC),6,تريبلكس ابيض,AGC,6ملم تريبلكس ابيض
8ملم تريبلكس ابيض(AGC),8,تريبلكس ابيض,AGC,8ملم تريبلكس ابيض
8ملم تريبلكس ابيض(AGC),8,تريبلكس ابيض,AGC,8ملم تريبلكس ابيض
8ملم تريبلكس ابيض(AGC),8,تريبلكس ابيض,AGC,8ملم تريبلكس ابيض
8ملم تريبلكس ابيض(AGC),8,تريبلكس ابيض,AGC,8ملم تريبلكس ابيض
5ملم مشرط ابيض.5(SISECAM ),5,مشرط ابيض.5,SISECAM,5ملم مشرط ابيض.5
5.5ملم اخضر غامق(RIDER),5.5,اخضر غامق,RIDER,5.5ملم اخضر غامق
10ملم اخضر فاتح(SISECAM ),10,اخضر فاتح,SISECAM,10ملم اخضر فاتح
8ملم اخضر فاتح(SISECAM ),8,اخضر فاتح,SISECAM,8ملم اخضر فاتح
10ملم ابيض(SISECAM ),10,ابيض,SISECAM,10ملم ابيض
10ملم برونز(Barazil ),10,برونز,Barazil,10ملم برونز
12ملم ابيض(Sphinx),12,ابيض,Sphinx,12ملم ابيض
3ملم مرايا ابيض(Alum Bangmei),3,مرايا ابيض,Alum Bangmei,3ملم مرايا ابيض
6ملم مرايا ابيض(Trakya ),6,مرايا ابيض,Trakya,6ملم مرايا ابيض
6ملم مدهون اسود(Trakya ),6,مدهون اسود,Trakya,6ملم مدهون اسود
10ملم برونز(SISECAM ),10,برونز,SISECAM,10ملم برونز
6ملم مشرط اسود (KING TAI)),6,مشرط اسود,KING TAI,6ملم مشرط اسود
5.5ملم برش اسود (Cairo ),5.5,برش اسود,Cairo,5.5ملم برش اسود
4ملم اسود(SISECAM ),4,اسود,SISECAM,4ملم اسود
6ملم مشرط ابيض,6,مشرط ابيض,,6ملم مشرط ابيض
8ملم تريبلكس ابيض(AGC),8,تريبلكس ابيض,AGC,8ملم تريبلكس ابيض
10ملم ابيض(S.G),10,ابيض,S.G,10ملم ابيض
10ملم ابيض(S.G),10,ابيض,S.G,10ملم ابيض
10ملم ابيض(S.G),10,ابيض,S.G,10ملم ابيض
10ملم ابيض(S.G),10,ابيض,S.G,10ملم ابيض
10ملم ابيض(S.G),10,ابيض,S.G,10ملم ابيض
10ملم ابيض(S.G),10,ابيض,S.G,10ملم ابيض
10ملم تريبلكس ابيض(AGC),10,تريبلكس ابيض,AGC,10ملم تريبلكس ابيض
10ملم تريبلكس ابيض(AGC),10,تريبلكس ابيض,AGC,10ملم تريبلكس ابيض
10ملم تريبلكس ابيض(AGC),10,تريبلكس ابيض,AGC,10ملم تريبلكس ابيض
10ملم ابيض(S.G),10,ابيض,S.G,10ملم ابيض
4ملم محجر شانشيلا,4,محجر شانشيلا,,4ملم محجر شانشيلا
6ملم كريستال(Corpotrad),6,كريستال,Corpotrad,6ملم كريستال
5.5ملم اخضر فاتح(SISECAM ),5.5,اخضر فاتح,SISECAM,5.5ملم اخضر فاتح
5.5ملم اخضر فاتح(SISECAM ),5.5,اخضر فاتح,SISECAM,5.5ملم اخضر فاتح
5.5ملم اخضر فاتح(SISECAM ),5.5,اخضر فاتح,SISECAM,5.5ملم اخضر فاتح
5.5ملم اخضر فاتح(SISECAM ),5.5,اخضر فاتح,SISECAM,5.5ملم اخضر فاتح
8ملم تريبلكس ابيض(AGC),8,تريبلكس ابيض,AGC,8ملم تريبلكس ابيض
5.5ملم اخضر فاتح(SISECAM ),5.5,اخضر فاتح,SISECAM,5.5ملم اخضر فاتح
6ملم عاكس ابيض (SISECAM),6,عاكس ابيض,SISECAM,6ملم عاكس ابيض
10ملم كريستال(Xinyi),10,كريستال,Xinyi,10ملم كريستال
8ملم تريبلكس ابيض(AGC),8,تريبلكس ابيض,AGC,8ملم تريبلكس ابيض
8ملم تريبلكس ابيض(AGC),8,تريبلكس ابيض,AGC,8ملم تريبلكس ابيض
12ملم ابيض(SISECAM ),12,ابيض,SISECAM,12ملم ابيض
6ملم مشرط ابيض(SISECAM ),6,مشرط ابيض,SISECAM,6ملم مشرط ابيض
4ملم مرايا اسود(SISECAM ),4,مرايا اسود,SISECAM,4ملم مرايا اسود
10ملم برونز(SISECAM ),10,برونز,SISECAM,10ملم برونز
12ملم ابيض(SISECAM ),12,ابيض,SISECAM,12ملم ابيض
8ملم برش ابيض(SISECAM ),8,برش ابيض,SISECAM,8ملم برش ابيض
4ملم مرايا ابيض(Alum Majed),4,مرايا ابيض,Alum Majed,4ملم مرايا ابيض
6ملم ابيض(SIS ),6,ابيض,SIS,6ملم ابيض
5.5ملم اسود(Sphinx Transition),5.5,اسود,Sphinx Transition,5.5ملم اسود
5.5ملم اسود(Sphinx Transition),5.5,اسود,Sphinx Transition,5.5ملم اسود
15ملم كريستال (Xinyi),15,كريستال,Xinyi,15ملم كريستال
15ملم كريستال (Xinyi),15,كريستال,Xinyi,15ملم كريستال
8ملم تريبلكس ابيض(Xinyi),8,تريبلكس ابيض,Xinyi,8ملم تريبلكس ابيض
12ملم تريبلكس ابيض(Xinyi),12,تريبلكس ابيض,Xinyi,12ملم تريبلكس ابيض
10ملم تريبلكس ابيض,10,تريبلكس ابيض,,10ملم تريبلكس ابيض
8ملم عاكس LOW-E(Guardian),8,عاكس LOW-E,Guardian,8ملم عاكس LOW-E
8ملم تريبلكس ابيض(SISECAM),8,تريبلكس ابيض,SISECAM,8ملم تريبلكس ابيض
5ملم مرايا ابيض(AGC),5,مرايا ابيض,AGC,5ملم مرايا ابيض
6ملم مرايا ابيض(AGC),6,مرايا ابيض,AGC,6ملم مرايا ابيض
12ملم ابيض (S G),12,ابيض,S G,12ملم ابيض
5.5ملم اسود(Sphinx RU-2),5.5,اسود,Sphinx RU-2,5.5ملم اسود
5ملم مرايا ابيض(Trakya ),5,مرايا ابيض,Trakya,5ملم مرايا ابيض
4ملم مرايا ابيض(Trakya ),4,مرايا ابيض,Trakya,4ملم مرايا ابيض
6ملم مرايا ابيض(Trakya ),6,مرايا ابيض,Trakya,6ملم مرايا ابيض
8ملم ابيض(Sphinx),8,ابيض,Sphinx,8ملم ابيض
5.5ملم اسود(Sphinx),5.5,اسود,Sphinx,5.5ملم اسود
5.5ملم اسود(Sphinx Transition),5.5,اسود,Sphinx Transition,5.5ملم اسود
8ملم ابيض(S.G),8,ابيض,S.G,8ملم ابيض
8ملم ابيض(S.G),8,ابيض,S.G,8ملم ابيض
10ملم ابيض(SISECAM ),10,ابيض,SISECAM,10ملم ابيض
10ملم ابيض(SISECAM ),10,ابيض,SISECAM,10ملم ابيض
6ملم تريبلكس اخضر,6,تريبلكس اخضر,,6ملم تريبلكس اخضر
5ملم مرايا زهر,5,مرايا زهر,,5ملم مرايا زهر
4ملم مرايا ابيض(SISECAM ),4,مرايا ابيض,SISECAM,4ملم مرايا ابيض
12ملم ابيض(Sphinx),12,ابيض,Sphinx,12ملم ابيض
15ملم ابيض(Sphinx),15,ابيض,Sphinx,15ملم ابيض
5ملم ابيض(Sphinx Transition),5,ابيض,Sphinx Transition,5ملم ابيض
8ملم عاكس اسود,8,عاكس اسود,,8ملم عاكس اسود
8ملم ابيض(S.G),8,ابيض,S.G,8ملم ابيض
8ملم ابيض(S.G),8,ابيض,S.G,8ملم ابيض
8ملم ابيض(S.G),8,ابيض,S.G,8ملم ابيض
10ملم ابيض(S.G),10,ابيض,S.G,10ملم ابيض
5.5ملم برش برونز(Cairo),5.5,برش برونز,Cairo,5.5ملم برش برونز
12ملم تريبلكس مغشى(SISECAM),12,تريبلكس مغشى,SISECAM,12ملم تريبلكس مغشى
15ملم ابيض(Pilkington),15,ابيض,Pilkington,15ملم ابيض
15ملم ابيض(Pilkington),15,ابيض,Pilkington,15ملم ابيض
15ملم ابيض(Pilkington),15,ابيض,Pilkington,15ملم ابيض
15ملم ابيض(Pilkington),15,ابيض,Pilkington,15ملم ابيض
5ملم عاكس ازرق غامق.3(BlueStar),5,عاكس ازرق غامق.3,BlueStar,5ملم عاكس ازرق غامق.3
12ملم اخضر فاتح(RIDER),12,اخضر فاتح,RIDER,12ملم اخضر فاتح
6ملم مرايا ابيض(Trakya ),6,مرايا ابيض,Trakya,6ملم مرايا ابيض
6ملم تريبلكس اسود(SISECAM),6,تريبلكس اسود,SISECAM,6ملم تريبلكس اسود
8ملم ابيض(S.G),8,ابيض,S.G,8ملم ابيض
8ملم ابيض(S.G),8,ابيض,S.G,8ملم ابيض
8ملم ابيض(S.G),8,ابيض,S.G,8ملم ابيض
8ملم ابيض(S.G),8,ابيض,S.G,8ملم ابيض
6كريستال مدهون ابيض(Trakya ),,6كريستال مدهون ابيض,Trakya,6كريستال مدهون ابيض
8ملم ابيض(S.G),8,ابيض,S.G,8ملم ابيض
10ملم عاكس اسود فاتح(SISECAM ),10,عاكس اسود فاتح,SISECAM,10ملم عاكس اسود فاتح
5ملم مرايا ابيض(SISECAM ),5,مرايا ابيض,SISECAM,5ملم مرايا ابيض
6كريستال مدهون ابيض(Trakya ),,6كريستال مدهون ابيض,Trakya,6كريستال مدهون ابيض
4ملم محجر بازل  برونز (Cairo Glass),4,محجر بازل برونز,Cairo Glass,4ملم محجر بازل برونز
6ملم مشرط برونز(Cairo),6,مشرط برونز,Cairo,6ملم مشرط برونز
8ملم ابيض(S.G),8,ابيض,S.G,8ملم ابيض
10ملم ابيض(S.G),10,ابيض,S.G,10ملم ابيض
10ملم ابيض(S.G),10,ابيض,S.G,10ملم ابيض
10ملم ابيض(S.G),10,ابيض,S.G,10ملم ابيض
5.5ملم ابيض(Trakya ),5.5,ابيض,Trakya,5.5ملم ابيض
5.5ملم ابيض(Trakya ),5.5,ابيض,Trakya,5.5ملم ابيض
5.5ملم ابيض(Trakya ),5.5,ابيض,Trakya,5.5ملم ابيض
5.5ملم ابيض(Trakya ),5.5,ابيض,Trakya,5.5ملم ابيض
5.5ملم ابيض(Trakya ),5.5,ابيض,Trakya,5.5ملم ابيض
5.5ملم ابيض(Trakya ),5.5,ابيض,Trakya,5.5ملم ابيض
5.5ملم برش ابيض(U.F.G),5.5,برش ابيض,U.F.G,5.5ملم برش ابيض
5ملم مرايا ابيض(Trakya ),5,مرايا ابيض,Trakya,5ملم مرايا ابيض
8ملم تريبلكس ابيض(SISECAM),8,تريبلكس ابيض,SISECAM,8ملم تريبلكس ابيض
6ملم تريبلكس ابيض(SISECAM),6,تريبلكس ابيض,SISECAM,6ملم تريبلكس ابيض
5.5ملم ابيض(S.G),5.5,ابيض,S.G,5.5ملم ابيض
8ملم برونز (S.G),8,برونز,S.G,8ملم برونز
5.5ملم اسود ( اماراتي),5.5,اسود,اماراتي,5.5ملم اسود
5ملم اسود(Sphinx Transition),5,اسود,Sphinx Transition,5ملم اسود
5.5ملم برش ابيض(SISECAM ),5.5,برش ابيض,SISECAM,5.5ملم برش ابيض
6ملم برش ابيض(SISECAM ),6,برش ابيض,SISECAM,6ملم برش ابيض
10ملم برونز(Shandong Jinjin),10,برونز,Shandong Jinjin,10ملم برونز
6ملم مرايا معتق برونز,6,مرايا معتق برونز,,6ملم مرايا معتق برونز
6ملم مشرط اسود,6,مشرط اسود,,6ملم مشرط اسود
 5.5ملم برونز(RIDER),5.5,برونز,RIDER,5.5ملم برونز
 5.5ملم برونز(RIDER),5.5,برونز,RIDER,5.5ملم برونز
4ملم زيتوني اسيد ابيض(yorglas),4,زيتوني اسيد ابيض,yorglas,4ملم زيتوني اسيد ابيض
4ملم سجادة اسيد ابيض(yorglas),4,سجادة اسيد ابيض,yorglas,4ملم سجادة اسيد ابيض
4ملم جنزير اسيد ابيض(yorglas),4,جنزير اسيد ابيض,yorglas,4ملم جنزير اسيد ابيض
4ملم نانسي اسيد ابيض(yorglas),4,نانسي اسيد ابيض,yorglas,4ملم نانسي اسيد ابيض
4ملم زيتوني اسيد برونز(yorglas),4,زيتوني اسيد برونز,yorglas,4ملم زيتوني اسيد برونز
4ملم سجادة اسيد برونز(yorglas),4,سجادة اسيد برونز,yorglas,4ملم سجادة اسيد برونز
4ملم منقط اسيد برونز(yorglas),4,منقط اسيد برونز,yorglas,4ملم منقط اسيد برونز
6ملم مرايا برونز(AGC),6,مرايا برونز,AGC,6ملم مرايا برونز
8ملم ابيض(S.G),8,ابيض,S.G,8ملم ابيض
8ملم ابيض(S.G),8,ابيض,S.G,8ملم ابيض
8ملم عاكس ازرق فاتح(SISECAM),8,عاكس ازرق فاتح,SISECAM,8ملم عاكس ازرق فاتح
6ملم عاكس ازرق فاتح(SISECAM.T.),6,عاكس ازرق فاتح,SISECAM.T.,6ملم عاكس ازرق فاتح
12ملم تريبلكس ابيض(SISECAM),12,تريبلكس ابيض,SISECAM,12ملم تريبلكس ابيض
8ملم ابيض(SISECAM ),8,ابيض,SISECAM,8ملم ابيض
5.5ملم برونز,5.5,برونز,,5.5ملم برونز
5.5ملم برونز (Oingdao shining),5.5,برونز,Oingdao shining,5.5ملم برونز
8ملم تريبلكس ابيض(Xinyi),8,تريبلكس ابيض,Xinyi,8ملم تريبلكس ابيض
8ملم ابيض(S.G),8,ابيض,S.G,8ملم ابيض
10ملم ابيض(S.G),10,ابيض,S.G,10ملم ابيض
10ملم تريبلكس ابيض.2(SISECAM),10,تريبلكس ابيض.2,SISECAM,10ملم تريبلكس ابيض.2
15ملم ابيض(RIDER),15,ابيض,RIDER,15ملم ابيض
19ملم ابيض(RIDER),19,ابيض,RIDER,19ملم ابيض
4ملم دلتا اسيد برونز,4,دلتا اسيد برونز,,4ملم دلتا اسيد برونز
3ملم بلور(مشكل ),3,بلور,مشكل,3ملم بلور
5.5ملم برونز (Oingdao shining),5.5,برونز,Oingdao shining,5.5ملم برونز
6ملم مشرط ابيض(Guardian),6,مشرط ابيض,Guardian,6ملم مشرط ابيض
 5.5ملم برونز (Oingdao shining),5.5,برونز,Oingdao shining,5.5ملم برونز
4ملم مرايا ابيض (Tess Aluminum),4,مرايا ابيض,Tess Aluminum,4ملم مرايا ابيض
10ملم ابيض(S.G),10,ابيض,S.G,10ملم ابيض
6ملم مرايا ابيض(Trakya ),6,مرايا ابيض,Trakya,6ملم مرايا ابيض
8ملم تريبلكس برونز(SISECAM),8,تريبلكس برونز,SISECAM,8ملم تريبلكس برونز
15ملم ابيض(RIDER),15,ابيض,RIDER,15ملم ابيض
5ملم عاكس اخضر غامق.3(China Majed),5,عاكس اخضر غامق.3,China Majed,5ملم عاكس اخضر غامق.3
5ملم اخضر غامق.3 (China Majed),5,اخضر غامق.3,China Majed,5ملم اخضر غامق.3
5.5ملم ابيض(Guardianامراتي),5.5,ابيض,Guardianامراتي,5.5ملم ابيض
5.5ملم ابيض(Guardianامراتي),5.5,ابيض,Guardianامراتي,5.5ملم ابيض
5.5ملم ابيض(Guardianامراتي),5.5,ابيض,Guardianامراتي,5.5ملم ابيض
5.5ملم ابيض(Guardianامراتي),5.5,ابيض,Guardianامراتي,5.5ملم ابيض
5.5ملم ابيض(Guardian),5.5,ابيض,Guardian,5.5ملم ابيض
5.5ملم ابيض(Guardianامراتي),5.5,ابيض,Guardianامراتي,5.5ملم ابيض
5.5ملم ابيض(Guardianامراتي),5.5,ابيض,Guardianامراتي,5.5ملم ابيض
5.5ملم اسود(SISECAM ),5.5,اسود,SISECAM,5.5ملم اسود
5.5ملم ابيض(Sphinx),5.5,ابيض,Sphinx,5.5ملم ابيض
5.5ملم اسود(SISECAM ),5.5,اسود,SISECAM,5.5ملم اسود
5.5ملم اسود(SISECAM ),5.5,اسود,SISECAM,5.5ملم اسود
5.5ملم عاكس ابيض(Sphinx),5.5,عاكس ابيض,Sphinx,5.5ملم عاكس ابيض
5.5ملم اسود(SISECAM ),5.5,اسود,SISECAM,5.5ملم اسود
5.5ملم ابيض(Sphinx),5.5,ابيض,Sphinx,5.5ملم ابيض
6ملم كريستال(Falcon),6,كريستال,Falcon,6ملم كريستال
8ملم كريستال(Majed P.P.G),8,كريستال,Majed P.P.G,8ملم كريستال
10ملم كريستال(Majed P.P.G),10,كريستال,Majed P.P.G,10ملم كريستال
12ملم كريستال(Falcon),12,كريستال,Falcon,12ملم كريستال
6ملم مرايا كريتسال ابيض(SISECAM ),6,مرايا كريتسال ابيض,SISECAM,6ملم مرايا كريتسال ابيض
5.5ملم اسود(SISECAM )علام,5.5,اسودعلام,SISECAM,5.5ملم اسودعلام
5.5ملم اسود(SISECAM ),5.5,اسود,SISECAM,5.5ملم اسود
5.5ملم اسود(SISECAM ),5.5,اسود,SISECAM,5.5ملم اسود
5.5ملم اسود(SISECAM ),5.5,اسود,SISECAM,5.5ملم اسود
5.5ملم ابيض(SISECAM ),5.5,ابيض,SISECAM,5.5ملم ابيض
5.5ملم ابيض(SISECAM ),5.5,ابيض,SISECAM,5.5ملم ابيض
5.5ملم عاكس اسود فاتح(Sphinx),5.5,عاكس اسود فاتح,Sphinx,5.5ملم عاكس اسود فاتح
5.5ملم عاكس اسود فاتح(Sphinx),5.5,عاكس اسود فاتح,Sphinx,5.5ملم عاكس اسود فاتح
10ملم اسود(Sphinx),10,اسود,Sphinx,10ملم اسود
10ملم اسود(Sphinx),10,اسود,Sphinx,10ملم اسود
6ملم مغشى اسيد(Trakya),6,مغشى اسيد,Trakya,6ملم مغشى اسيد
8ملم مغشى اسيد(Trakya)نظيف,8,مغشى اسيدنظيف,Trakya,8ملم مغشى اسيدنظيف
10ملم مغشى اسيد(Trakya),10,مغشى اسيد,Trakya,10ملم مغشى اسيد
5.5ملم ابيض(Guardianامراتي),5.5,ابيض,Guardianامراتي,5.5ملم ابيض
8ملم برش ابيض(Qingdo jnjing),8,برش ابيض,Qingdo jnjing,8ملم برش ابيض
10ملم برش ابيض(Qingdo jnjing),10,برش ابيض,Qingdo jnjing,10ملم برش ابيض
8ملم برش ابيض(Qingdo jnjing),8,برش ابيض,Qingdo jnjing,8ملم برش ابيض
6ملم مرايا ابيض(Gardien),6,مرايا ابيض,Gardien,6ملم مرايا ابيض
5ملم مرايا ابيض(Gardien),5,مرايا ابيض,Gardien,5ملم مرايا ابيض
4ملم مرايا ابيض (Gardien),4,مرايا ابيض,Gardien,4ملم مرايا ابيض
12ملم ابيض(Gardien),12,ابيض,Gardien,12ملم ابيض
4ملم اسود(SISECAM ),4,اسود,SISECAM,4ملم اسود
10ملم اسود(SISECAM ),10,اسود,SISECAM,10ملم اسود
4ملم برونز(SISECAM ),4,برونز,SISECAM,4ملم برونز
4ملم برونز(SISECAM ),4,برونز,SISECAM,4ملم برونز
4ملم برونز(SISECAM ),4,برونز,SISECAM,4ملم برونز
5.5ملم برونز(SISECAM ),5.5,برونز,SISECAM,5.5ملم برونز
6ملم عاكس زهر,6,عاكس زهر,,6ملم عاكس زهر
5.5ملم عاكس ازرق فاتح(Falcon),5.5,عاكس ازرق فاتح,Falcon,5.5ملم عاكس ازرق فاتح
 6ملم مرايا معتق ابيض,6,مرايا معتق ابيض,,6ملم مرايا معتق ابيض
3ملم مرايا ابيض(Silver ),3,مرايا ابيض,Silver,3ملم مرايا ابيض
4ملم محجر صليب ابيض(Cairo),4,محجر صليب ابيض,Cairo,4ملم محجر صليب ابيض
12ملم ابيض(Guardianامراتي),12,ابيض,Guardianامراتي,12ملم ابيض
8ملم ابيض(Guardianامراتي),8,ابيض,Guardianامراتي,8ملم ابيض
8ملم ابيض(Guardianامراتي),8,ابيض,Guardianامراتي,8ملم ابيض
10ملم ابيض(Guardianامراتي),10,ابيض,Guardianامراتي,10ملم ابيض
12ملم ابيض(Gardien),12,ابيض,Gardien,12ملم ابيض
3ملم مرايا ابيض(Tess Aluminum),3,مرايا ابيض,Tess Aluminum,3ملم مرايا ابيض
3ملم مرايا ابيض(Alu),3,مرايا ابيض,Alu,3ملم مرايا ابيض
4ملم محجر دلتا  ابيض,4,محجر دلتا ابيض,,4ملم محجر دلتا ابيض
5.5ملم برونز(SISECAM ),5.5,برونز,SISECAM,5.5ملم برونز
8ملم ابيض جامبو(Guardian),8,ابيض جامبو,Guardian,8ملم ابيض جامبو
  10ملم ابيض جامبو(Sphinx),10,ابيض جامبو,Sphinx,10ملم ابيض جامبو
12ملم ابيض(SISECAM ),12,ابيض,SISECAM,12ملم ابيض
5.5ملم ابيض(SISECAM ),5.5,ابيض,SISECAM,5.5ملم ابيض
5.5ملم برونز(SISECAM ),5.5,برونز,SISECAM,5.5ملم برونز
5.5ملم برونز(SISECAM ),5.5,برونز,SISECAM,5.5ملم برونز
5.5ملم برونز(SISECAM ),5.5,برونز,SISECAM,5.5ملم برونز
5.5ملم برونز(SISECAM ),5.5,برونز,SISECAM,5.5ملم برونز
5.5ملم برونز(SISECAM ),5.5,برونز,SISECAM,5.5ملم برونز
5.5ملم برونز(SISECAM ),5.5,برونز,SISECAM,5.5ملم برونز
5.5ملم برونز(SISECAM ),5.5,برونز,SISECAM,5.5ملم برونز
8ملم ابيض جامبو(Sphinx),8,ابيض جامبو,Sphinx,8ملم ابيض جامبو
 12ملم ابيض جامبو(Guardian),12,ابيض جامبو,Guardian,12ملم ابيض جامبو
8ملم ابيض(Sphinx),8,ابيض,Sphinx,8ملم ابيض
6ملم عاكس LOW-E (Obeikan),6,عاكس LOW-E,Obeikan,6ملم عاكس LOW-E
6ملم ابيض(Sphinx),6,ابيض,Sphinx,6ملم ابيض
6ملم عاكس LOW-E (Obeikan),6,عاكس LOW-E,Obeikan,6ملم عاكس LOW-E
8ملم عاكس LOW-E(Obeikan),8,عاكس LOW-E,Obeikan,8ملم عاكس LOW-E
6ملم ابيض(Obeikan),6,ابيض,Obeikan,6ملم ابيض
6ملم ابيض(Obeikan),6,ابيض,Obeikan,6ملم ابيض
12ملم برونز(امراتي),12,برونز,امراتي,12ملم برونز
12ملم اسود(امراتي),12,اسود,امراتي,12ملم اسود
5.5ملم ابيض(صيني),5.5,ابيض,صيني,5.5ملم ابيض
5.5ملم ابيض(U.F.G),5.5,ابيض,U.F.G,5.5ملم ابيض
6ملم ابيض(Trakya ),6,ابيض,Trakya,6ملم ابيض
6ملم ابيض(Trakya ),6,ابيض,Trakya,6ملم ابيض
6ملم زهر,6,زهر,,6ملم زهر
5.5ملم اسود(SISECAM ),5.5,اسود,SISECAM,5.5ملم اسود
8ملم ابيض(SISECAM ),8,ابيض,SISECAM,8ملم ابيض
8ملم ابيض(SISECAM ),8,ابيض,SISECAM,8ملم ابيض
8ملم ابيض(SISECAM ),8,ابيض,SISECAM,8ملم ابيض
8ملم ابيض جامبو(Trakya ),8,ابيض جامبو,Trakya,8ملم ابيض جامبو
 10ملم ابيض جامبو(Trakya ),10,ابيض جامبو,Trakya,10ملم ابيض جامبو
5.5ملم برش برونز(Cairo),5.5,برش برونز,Cairo,5.5ملم برش برونز
8ملم ابيض(SISECAM ),8,ابيض,SISECAM,8ملم ابيض
12ملم تريبلكس ابيض(SISECAM),12,تريبلكس ابيض,SISECAM,12ملم تريبلكس ابيض
10ملم تريبلكس ابيض.2(SISECAM),10,تريبلكس ابيض.2,SISECAM,10ملم تريبلكس ابيض.2
10ملم تريبلكس ابيض(SISECAM),10,تريبلكس ابيض,SISECAM,10ملم تريبلكس ابيض
10ملم ابيض(Trakya ),10,ابيض,Trakya,10ملم ابيض
6ملم مرايا برونز(SISECAM ),6,مرايا برونز,SISECAM,6ملم مرايا برونز
5.5ملم ابيض(Zakaria امراتي),5.5,ابيض,Zakaria امراتي,5.5ملم ابيض
5.5ملم ابيض(Zakaria امراتي),5.5,ابيض,Zakaria امراتي,5.5ملم ابيض
5.5ملم ابيض(Zakaria امراتي),5.5,ابيض,Zakaria امراتي,5.5ملم ابيض
5.5ملم ابيض(Zakaria امراتي),5.5,ابيض,Zakaria امراتي,5.5ملم ابيض
5.5ملم ابيض(Zakaria امراتي),5.5,ابيض,Zakaria امراتي,5.5ملم ابيض
15ملم كريستال ( ShangJinjing),15,كريستال,ShangJinjing,15ملم كريستال
19ملم كريستال ( ShangJinjing),19,كريستال,ShangJinjing,19ملم كريستال
10ملم ابيض(Trakya ),10,ابيض,Trakya,10ملم ابيض
 2ملم مات(Pilkington)نظيف,2,ماتنظيف,Pilkington,2ملم ماتنظيف
5.5ملم ابيض(Obeikan),5.5,ابيض,Obeikan,5.5ملم ابيض
5.5ملم ابيض(Obeikan),5.5,ابيض,Obeikan,5.5ملم ابيض
10ملم ابيض(Obeikan),10,ابيض,Obeikan,10ملم ابيض
5.5ملم ابيض(Obeikan),5.5,ابيض,Obeikan,5.5ملم ابيض
5.5ملم ابيض(Obeikan),5.5,ابيض,Obeikan,5.5ملم ابيض
10ملم ابيض(Obeikan),10,ابيض,Obeikan,10ملم ابيض
19ملم ابيض(RIDER),19,ابيض,RIDER,19ملم ابيض
5.5ملم ابيض(Sphinx),5.5,ابيض,Sphinx,5.5ملم ابيض
5.5ملم ابيض(Sphinx),5.5,ابيض,Sphinx,5.5ملم ابيض
5.5ملم ابيض(Sphinx Transition)CO,5.5,ابيضCO,Sphinx Transition,5.5ملم ابيضCO
5.5ملم برونز(Sphinx),5.5,برونز,Sphinx,5.5ملم برونز
5.5ملم برونز(Sphinx),5.5,برونز,Sphinx,5.5ملم برونز
5.5ملم اسود(Sphinx),5.5,اسود,Sphinx,5.5ملم اسود
10ملم اسود(Sphinx),10,اسود,Sphinx,10ملم اسود
5.5ملم عاكس برونز(Sphinx),5.5,عاكس برونز,Sphinx,5.5ملم عاكس برونز
4ملم ابيض(Trakya ),4,ابيض,Trakya,4ملم ابيض
5.5ملم ابيض(ITALIA ),5.5,ابيض,ITALIA,5.5ملم ابيض
8ملم ابيض (ITALIA ),8,ابيض,ITALIA,8ملم ابيض
6ملم مغشى ابيض,6,مغشى ابيض,,6ملم مغشى ابيض
6ملم مغشى ابيض,6,مغشى ابيض,,6ملم مغشى ابيض
5.5ملم اخضر غامق(RIDER),5.5,اخضر غامق,RIDER,5.5ملم اخضر غامق
12ملم تريبلكس ابيض(SISECAM),12,تريبلكس ابيض,SISECAM,12ملم تريبلكس ابيض
5.5ملم اخضر غامق(Zhongbo)ماجد,5.5,اخضر غامقماجد,Zhongbo,5.5ملم اخضر غامقماجد
12ملم كريستال(Xinyi),12,كريستال,Xinyi,12ملم كريستال
5.5ملم ابيض(Obeikan),5.5,ابيض,Obeikan,5.5ملم ابيض
10ملم ابيض(Obeikan),10,ابيض,Obeikan,10ملم ابيض
8ملم ابيض(Obeikan),8,ابيض,Obeikan,8ملم ابيض
12ملم ابيض(Obeikan),12,ابيض,Obeikan,12ملم ابيض
6ملم مرايا ابيض(Gardien),6,مرايا ابيض,Gardien,6ملم مرايا ابيض
5.5ملم ابيض(U.F.G),5.5,ابيض,U.F.G,5.5ملم ابيض
3ملم بلور(Trakya ),3,بلور,Trakya,3ملم بلور
4ملم ابيض(Trakya ),4,ابيض,Trakya,4ملم ابيض
6ملم ابيض(Trakya ),6,ابيض,Trakya,6ملم ابيض
12ملم ابيض(Obeikan),12,ابيض,Obeikan,12ملم ابيض
5.5ملم برونز(Sphinx),5.5,برونز,Sphinx,5.5ملم برونز
12ملم كريستال(AGC),12,كريستال,AGC,12ملم كريستال
10ملم تريبلكس silance(SISECAM),10,تريبلكس silance,SISECAM,10ملم تريبلكس silance
6ملم تريبلكس  silance(SISECAM),6,تريبلكس silance,SISECAM,6ملم تريبلكس silance
5.5ملم برش ابيض(U.F.G),5.5,برش ابيض,U.F.G,5.5ملم برش ابيض
8ملم ابيض(Obeikan),8,ابيض,Obeikan,8ملم ابيض
10ملم ابيض(Obeikan),10,ابيض,Obeikan,10ملم ابيض
10ملم ابيض(Obeikan),10,ابيض,Obeikan,10ملم ابيض
10ملم ابيض(Obeikan),10,ابيض,Obeikan,10ملم ابيض
8ملم عاكس اخضر فاتح(SISECAM),8,عاكس اخضر فاتح,SISECAM,8ملم عاكس اخضر فاتح
6ملم مشرط ابيض(SISECAM ),6,مشرط ابيض,SISECAM,6ملم مشرط ابيض
10ملم برونز,10,برونز,,10ملم برونز
10ملم ابيض(Obeikan),10,ابيض,Obeikan,10ملم ابيض
6ملم كريستال(SIS)  تركيا,6,كريستال تركيا,SIS,6ملم كريستال تركيا
8ملم كريستال(SISECAM),8,كريستال,SISECAM,8ملم كريستال
10ملم كريستال(SIS)تركيا,10,كريستالتركيا,SIS,10ملم كريستالتركيا
12ملم كريستال(SIS)تركيا,12,كريستالتركيا,SIS,12ملم كريستالتركيا
5.5ملم برونز(SISECAM ),5.5,برونز,SISECAM,5.5ملم برونز
5.5ملم اسود(SISECAM ),5.5,اسود,SISECAM,5.5ملم اسود
5.5ملم اسود(SISECAM ),5.5,اسود,SISECAM,5.5ملم اسود
5.5ملم ابيض(SISECAM ),5.5,ابيض,SISECAM,5.5ملم ابيض
5.5ملم ابيض(SISECAM ),5.5,ابيض,SISECAM,5.5ملم ابيض
5.5ملم ابيض(SISECAM ),5.5,ابيض,SISECAM,5.5ملم ابيض
5.5ملم ابيض(SISECAM ),5.5,ابيض,SISECAM,5.5ملم ابيض
10ملم برونز(امراتي),10,برونز,امراتي,10ملم برونز
5ملم مرايا ابيض(AGC),5,مرايا ابيض,AGC,5ملم مرايا ابيض
4ملم مرايا ابيض(SISECAM ),4,مرايا ابيض,SISECAM,4ملم مرايا ابيض
5.5ملم ابيض(SISECAM ),5.5,ابيض,SISECAM,5.5ملم ابيض
8ملم ابيض(Obeikan),8,ابيض,Obeikan,8ملم ابيض
8ملم ابيض(Obeikan),8,ابيض,Obeikan,8ملم ابيض
8ملم ابيض(Obeikan),8,ابيض,Obeikan,8ملم ابيض
10ملم ابيض(Obeikan),10,ابيض,Obeikan,10ملم ابيض
10ملم ابيض(Obeikan),10,ابيض,Obeikan,10ملم ابيض
8ملم ابيض(Obeikan),8,ابيض,Obeikan,8ملم ابيض
8ملم ابيض(Obeikan),8,ابيض,Obeikan,8ملم ابيض
5.5ملم برش برونز,5.5,برش برونز,,5.5ملم برش برونز
4ملم مغشى اسيد(Trakya),4,مغشى اسيد,Trakya,4ملم مغشى اسيد
10ملم برونز(Shandong Jinjin),10,برونز,Shandong Jinjin,10ملم برونز
10ملم عاكس LOW-E(Guardian),10,عاكس LOW-E,Guardian,10ملم عاكس LOW-E
6ملم مرايا برونز(AGC),6,مرايا برونز,AGC,6ملم مرايا برونز
4ملم ياسمين اسيد ابيض(Dekor)علام,4,ياسمين اسيد ابيضعلام,Dekor,4ملم ياسمين اسيد ابيضعلام
4ملم عريشة اسيد ابيض(Dekor),4,عريشة اسيد ابيض,Dekor,4ملم عريشة اسيد ابيض
4ملم محجر دلتا  ابيض(تركي),4,محجر دلتا ابيض,تركي,4ملم محجر دلتا ابيض
4ملم ياسمين اسيد برونز(Dekor),4,ياسمين اسيد برونز,Dekor,4ملم ياسمين اسيد برونز
4ملم عريشة اسيد برونز(Dekor),4,عريشة اسيد برونز,Dekor,4ملم عريشة اسيد برونز
4ملم دلتا اسيد برونز(Dekor),4,دلتا اسيد برونز,Dekor,4ملم دلتا اسيد برونز
6ملم عاكس LOW-E(Guardian),6,عاكس LOW-E,Guardian,6ملم عاكس LOW-E
4ملم مرايا ابيض(SISECAM ),4,مرايا ابيض,SISECAM,4ملم مرايا ابيض
6ملم مرايا اسود(SISECAM ),6,مرايا اسود,SISECAM,6ملم مرايا اسود
3ملم مرايا ابيض(Alumi Oingdao),3,مرايا ابيض,Alumi Oingdao,3ملم مرايا ابيض
4ملم محجر صليب ابيض(SIAM),4,محجر صليب ابيض,SIAM,4ملم محجر صليب ابيض
12ملم ابيض(Obeikan),12,ابيض,Obeikan,12ملم ابيض
12ملم ابيض(Obeikan),12,ابيض,Obeikan,12ملم ابيض
6ملم مرايا معتق فضي,6,مرايا معتق فضي,,6ملم مرايا معتق فضي
(4)مرايا 6 ملم معتق رقم,6,مرايا 6 متق رقم,4,6ملم مرايا 6 متق رقم
(3)مرايا 6 ملم معتق رقم,6,مرايا 6 متق رقم,3,6ملم مرايا 6 متق رقم
4ملم وردة كارى اسيد برونزDSG-017,4,وردة كارى اسيد برونزDSG-017,,4ملم وردة كارى اسيد برونزDSG-017
4ملم مرايا ابيض(Alum Majed),4,مرايا ابيض,Alum Majed,4ملم مرايا ابيض
5ملم مرايا ابيض(Tess Aluminum),5,مرايا ابيض,Tess Aluminum,5ملم مرايا ابيض
(2)محجر اسيد ديكور,,محجر اسيد ديكور,2,محجر اسيد ديكور
(3)محجر اسيد ديكور,,محجر اسيد ديكور,3,محجر اسيد ديكور
(4)محجر اسيد ديكور,,محجر اسيد ديكور,4,محجر اسيد ديكور
(5)محجر اسيد ديكور,,محجر اسيد ديكور,5,محجر اسيد ديكور
(6)محجر اسيد ديكور,,محجر اسيد ديكور,6,محجر اسيد ديكور
(7)محجر اسيد ديكور,,محجر اسيد ديكور,7,محجر اسيد ديكور
(8)محجر اسيد ديكور,,محجر اسيد ديكور,8,محجر اسيد ديكور
(9)محجر اسيد ديكور,,محجر اسيد ديكور,9,محجر اسيد ديكور
(10)محجر اسيد ديكور,,محجر اسيد ديكور,10,محجر اسيد ديكور
(7)محجر اسيد ديكور,,محجر اسيد ديكور,7,محجر اسيد ديكور
(6)محجر اسيد ديكور,,محجر اسيد ديكور,6,محجر اسيد ديكور
(5)محجر اسيد ديكور,,محجر اسيد ديكور,5,محجر اسيد ديكور
5.5ملم اخضر فاتح(SISECAM ),5.5,اخضر فاتح,SISECAM,5.5ملم اخضر فاتح
5.5ملم ازرق فاتح(SISECAM ),5.5,ازرق فاتح,SISECAM,5.5ملم ازرق فاتح
6ملم عاكس LOW-E (AGC),6,عاكس LOW-E,AGC,6ملم عاكس LOW-E
5.5ملم برونز(SISECAM ),5.5,برونز,SISECAM,5.5ملم برونز
4ملم محجر زلحفة عسلي,4,محجر زلحفة عسلي,,4ملم محجر زلحفة عسلي
4ملم محجر دلتا  برونز,4,محجر دلتا برونز,,4ملم محجر دلتا برونز
3ملم بلور,3,بلور,,3ملم بلور
بامبو برونز اسيد,,بامبو برونز اسيد,,بامبو برونز اسيد
4ملم دلتا اسيد ابيض,4,دلتا اسيد ابيض,,4ملم دلتا اسيد ابيض
19ملم ابيض(Shandong Jinjing),19,ابيض,Shandong Jinjing,19ملم ابيض
5.5ملم اسود(SISECAM ),5.5,اسود,SISECAM,5.5ملم اسود
6ملم ابيض(Trakya),6,ابيض,Trakya,6ملم ابيض
6ملم ابيض(Trakya),6,ابيض,Trakya,6ملم ابيض
8ملم تريبلكس ابيض(ITALIA),8,تريبلكس ابيض,ITALIA,8ملم تريبلكس ابيض
12ملم ابيض(Obeikan),12,ابيض,Obeikan,12ملم ابيض
6ملم مرايا ابيض(AGC),6,مرايا ابيض,AGC,6ملم مرايا ابيض
8ملم ازرق فاتح(SISECAM ),8,ازرق فاتح,SISECAM,8ملم ازرق فاتح
8ملم اسود(SISECAM ),8,اسود,SISECAM,8ملم اسود
8ملم تريبلكس ابيض(ITALIA),8,تريبلكس ابيض,ITALIA,8ملم تريبلكس ابيض
5.5ملم برش برونز,5.5,برش برونز,,5.5ملم برش برونز
5.5ملم ابيض(Sphinx Transition),5.5,ابيض,Sphinx Transition,5.5ملم ابيض
5.5ملم اسود(Sphinx RU-2),5.5,اسود,Sphinx RU-2,5.5ملم اسود
4ملم محجر زلحفة  ابيض(SIAM),4,محجر زلحفة ابيض,SIAM,4ملم محجر زلحفة ابيض
4ملم محجر صليب ابيض(SIAM),4,محجر صليب ابيض,SIAM,4ملم محجر صليب ابيض
12ملم ابيض(Obeikan),12,ابيض,Obeikan,12ملم ابيض
12ملم ابيض(Obeikan),12,ابيض,Obeikan,12ملم ابيض
12ملم ابيض(Obeikan),12,ابيض,Obeikan,12ملم ابيض
"5ملم ازرق غامق,3(Rongsheng)",5,"ازرق غامق,3",Rongsheng,"5ملم ازرق غامق,3"
5.5ملم ابيض(Trakya ),5.5,ابيض,Trakya,5.5ملم ابيض
5.5ملم ابيض(SISECAM ),5.5,ابيض,SISECAM,5.5ملم ابيض
(2)محجر اسيد ديكور,,محجر اسيد ديكور,2,محجر اسيد ديكور
6ملم عاكس LOW-E (Guardian),6,عاكس LOW-E,Guardian,6ملم عاكس LOW-E
(4)محجر اسيد ديكور,,محجر اسيد ديكور,4,محجر اسيد ديكور
8ملم ابيض(Obeikan),8,ابيض,Obeikan,8ملم ابيض
(7)محجر اسيد ديكور,,محجر اسيد ديكور,7,محجر اسيد ديكور
(10)محجر اسيد ديكور,,محجر اسيد ديكور,10,محجر اسيد ديكور
(9)محجر اسيد ديكور,,محجر اسيد ديكور,9,محجر اسيد ديكور
4ملم محجر زلحفة ازرق,4,محجر زلحفة ازرق,,4ملم محجر زلحفة ازرق
8ملم اخضر فاتح(SISECAM ),8,اخضر فاتح,SISECAM,8ملم اخضر فاتح
8ملم اخضر فاتح(SISECAM ),8,اخضر فاتح,SISECAM,8ملم اخضر فاتح
8ملم اخضر فاتح(SISECAM ),8,اخضر فاتح,SISECAM,8ملم اخضر فاتح
4ملم مرايا برونز(SISECAM ),4,مرايا برونز,SISECAM,4ملم مرايا برونز
5.5ملم برونز(SISECAM ),5.5,برونز,SISECAM,5.5ملم برونز
5.5ملم برونز(SISECAM ),5.5,برونز,SISECAM,5.5ملم برونز
5.5ملم برونز(SISECAM ),5.5,برونز,SISECAM,5.5ملم برونز
8ملم عاكس LOW-E(Guardian),8,عاكس LOW-E,Guardian,8ملم عاكس LOW-E
6ملم عاكس LOW-E(Guardian),6,عاكس LOW-E,Guardian,6ملم عاكس LOW-E
8ملم عاكس LOW-E(Guardian),8,عاكس LOW-E,Guardian,8ملم عاكس LOW-E
4ملم مرايا ابيض(AGC),4,مرايا ابيض,AGC,4ملم مرايا ابيض
12ملم ابيض(SISECAM ),12,ابيض,SISECAM,12ملم ابيض
15ملم ابيض(RIDER),15,ابيض,RIDER,15ملم ابيض
15ملم ابيض(RIDER),15,ابيض,RIDER,15ملم ابيض
5.5ملم اخضر غامق(RIR),5.5,اخضر غامق,RIR,5.5ملم اخضر غامق
8ملم ابيض(Sphinx),8,ابيض,Sphinx,8ملم ابيض
5.5ملم ابيض(Trakya ),5.5,ابيض,Trakya,5.5ملم ابيض
3ملم بلور(Trakya ),3,بلور,Trakya,3ملم بلور
5.5ملم ابيض(ITALIA ),5.5,ابيض,ITALIA,5.5ملم ابيض
5.5ملم ابيض(ITALIA ),5.5,ابيض,ITALIA,5.5ملم ابيض
6ملم ابيض(Trakya ),6,ابيض,Trakya,6ملم ابيض
5.5ملم ابيض(Trakya ),5.5,ابيض,Trakya,5.5ملم ابيض
5.5ملم ابيض(Trakya ),5.5,ابيض,Trakya,5.5ملم ابيض
5.5ملم ابيض(Trakya ),5.5,ابيض,Trakya,5.5ملم ابيض
5.5ملم ابيض(Trakya ),5.5,ابيض,Trakya,5.5ملم ابيض
4ملم مرايا ابيض (Tess Aluminum),4,مرايا ابيض,Tess Aluminum,4ملم مرايا ابيض
6ملم كريستال(SIS)  ايطالي,6,كريستال ايطالي,SIS,6ملم كريستال ايطالي
5ملم مرايا ابيض(Tess Aluminum),5,مرايا ابيض,Tess Aluminum,5ملم مرايا ابيض
8ملم كريستال(SIS)ايطالي,8,كريستالايطالي,SIS,8ملم كريستالايطالي
10ملم كريستال(SIS)ايطالي,10,كريستالايطالي,SIS,10ملم كريستالايطالي
12ملم كريستال(SIS)ايطالي,12,كريستالايطالي,SIS,12ملم كريستالايطالي
10ملم ابيض(Sphinx),10,ابيض,Sphinx,10ملم ابيض
8ملم عاكس LOW-E(Guardian),8,عاكس LOW-E,Guardian,8ملم عاكس LOW-E
10ملم ابيض(SISECAM ),10,ابيض,SISECAM,10ملم ابيض
6ملم برش ابيض(SISECAM ),6,برش ابيض,SISECAM,6ملم برش ابيض
6ملم برش ابيض(SISECAM ),6,برش ابيض,SISECAM,6ملم برش ابيض
8ملم عاكس اسود فاتح(SISECAM ),8,عاكس اسود فاتح,SISECAM,8ملم عاكس اسود فاتح
4ملم ابيض(SISECAM ),4,ابيض,SISECAM,4ملم ابيض
4ملم ابيض(SISECAM ),4,ابيض,SISECAM,4ملم ابيض
5.5ملم ابيض(Obeikan),5.5,ابيض,Obeikan,5.5ملم ابيض
4ملم ابيض(Obeikan),4,ابيض,Obeikan,4ملم ابيض
4ملم ابيض(Obeikan),4,ابيض,Obeikan,4ملم ابيض
5.5ملم ابيض(Obeikan),5.5,ابيض,Obeikan,5.5ملم ابيض
5.5ملم ابيض(Obeikan),5.5,ابيض,Obeikan,5.5ملم ابيض
3ملم بلور.2 (Sphinx),3,بلور.2,Sphinx,3ملم بلور.2
4ملم ابيض.7(Sphinx),4,ابيض.7,Sphinx,4ملم ابيض.7
5.5ملم ابيض(ITALIA ),5.5,ابيض,ITALIA,5.5ملم ابيض
5.5ملم ابيض(Obeikan),5.5,ابيض,Obeikan,5.5ملم ابيض
8ملم ابيض(ITALIA ),8,ابيض,ITALIA,8ملم ابيض
5.5ملم ازرق غامق(RIDER),5.5,ازرق غامق,RIDER,5.5ملم ازرق غامق
5.5ملم عاكس ازرق غامق(RI),5.5,عاكس ازرق غامق,RI,5.5ملم عاكس ازرق غامق
4ملم ابيض(Obeikan),4,ابيض,Obeikan,4ملم ابيض
6ملم ابيض(Obeikan),6,ابيض,Obeikan,6ملم ابيض
6ملم تريبلكس  silance(Trakya ),6,تريبلكس silance,Trakya,6ملم تريبلكس silance
8ملم ابيض جامبو(Guardian),8,ابيض جامبو,Guardian,8ملم ابيض جامبو
 10ملم ابيض جامبو (Guardian),10,ابيض جامبو,Guardian,10ملم ابيض جامبو
 12ملم ابيض جامبو(Guardian),12,ابيض جامبو,Guardian,12ملم ابيض جامبو
6ملم عاكس LOW-E(Guardian),6,عاكس LOW-E,Guardian,6ملم عاكس LOW-E
4ملم مرايا اسود(SISECAM ),4,مرايا اسود,SISECAM,4ملم مرايا اسود
3ملم بلور(SISECAM ),3,بلور,SISECAM,3ملم بلور
8ملم عاكس اسود فاتح(SISECAM ),8,عاكس اسود فاتح,SISECAM,8ملم عاكس اسود فاتح
8ملم ابيض(Obeikan),8,ابيض,Obeikan,8ملم ابيض
5.5ملم ابيض(Obeikan),5.5,ابيض,Obeikan,5.5ملم ابيض
6ملم تريبلكس ابيض.2(Trakya ),6,تريبلكس ابيض.2,Trakya,6ملم تريبلكس ابيض.2
8ملم تريبلكس ابيض(ITALIA),8,تريبلكس ابيض,ITALIA,8ملم تريبلكس ابيض
10ملم تريبلكس ابيض(Trakya ),10,تريبلكس ابيض,Trakya,10ملم تريبلكس ابيض
6ملم عاكس LOW-E (Guardian),6,عاكس LOW-E,Guardian,6ملم عاكس LOW-E
8ملم عاكس LOW-E(Guardian),8,عاكس LOW-E,Guardian,8ملم عاكس LOW-E
6ملم عاكس اخضر فاتح(SISECAM),6,عاكس اخضر فاتح,SISECAM,6ملم عاكس اخضر فاتح
5.5ملم ابيض(Obeikan),5.5,ابيض,Obeikan,5.5ملم ابيض
3ملم بلور (Obeikan),3,بلور,Obeikan,3ملم بلور
6ملم مشرط ابيض(Guardian),6,مشرط ابيض,Guardian,6ملم مشرط ابيض
5.5ملم ابيض(SISECAM ),5.5,ابيض,SISECAM,5.5ملم ابيض
8ملم ابيض(Obeikan),8,ابيض,Obeikan,8ملم ابيض
10ملم ابيض(Obeikan),10,ابيض,Obeikan,10ملم ابيض
10ملم تريبلكس.2 silance(SISECAM),10,تريبلكس.2 silance,SISECAM,10ملم تريبلكس.2 silance
8.2ملم تريبلكسsilance(Trakya ),8.2,تريبلكسsilance,Trakya,8.2ملم تريبلكسsilance
"8ملم تريبلكس مغشى,2(SISECAM)",8,"تريبلكس مغشى,2",SISECAM,"8ملم تريبلكس مغشى,2"
5.5ملم اسود(Sphinx Transition)T,5.5,اسودT,Sphinx Transition,5.5ملم اسودT
5.5ملم برونز(Sphinx علامTransition)TD,5.5,برونزTD,Sphinx علامTransition,5.5ملم برونزTD
 10ملم ابيض جامبو(Trakya ),10,ابيض جامبو,Trakya,10ملم ابيض جامبو
8ملم ابيض جامبو(Trakya ),8,ابيض جامبو,Trakya,8ملم ابيض جامبو
 2ملم بلور(Sphinx),2,بلور,Sphinx,2ملم بلور
6ملم ابيض جامبو(SISECAM ),6,ابيض جامبو,SISECAM,6ملم ابيض جامبو
10ملم كريستال(AGC),10,كريستال,AGC,10ملم كريستال
8ملم اخضر فاتح(SISECAM ),8,اخضر فاتح,SISECAM,8ملم اخضر فاتح
4ملم اسود(SISECAM ),4,اسود,SISECAM,4ملم اسود
5.5ملم اسود(SISECAM ),5.5,اسود,SISECAM,5.5ملم اسود
5.5ملم ابيض(Obeikan),5.5,ابيض,Obeikan,5.5ملم ابيض
5.5ملم ابيض(Obeikan),5.5,ابيض,Obeikan,5.5ملم ابيض
5.5ملم ابيض(Obeikan),5.5,ابيض,Obeikan,5.5ملم ابيض
5.5ملم ابيض(Obeikan),5.5,ابيض,Obeikan,5.5ملم ابيض
5.5ملم ابيض(Obeikan),5.5,ابيض,Obeikan,5.5ملم ابيض
5.5ملم ابيض(Obeikan),5.5,ابيض,Obeikan,5.5ملم ابيض
5.5ملم ابيض(Obeikan),5.5,ابيض,Obeikan,5.5ملم ابيض
5ملم برونز (صيني),5,برونز,صيني,5ملم برونز
8ملم ابيض(SISECAM ),8,ابيض,SISECAM,8ملم ابيض
5.5ملم اسود(SISECAM ),5.5,اسود,SISECAM,5.5ملم اسود
3ملم مرايا ابيض((Sisecam Silver ),3,مرايا ابيض,(Sisecam Silver,3ملم مرايا ابيض
6ملم مشرط برونز(Guardian),6,مشرط برونز,Guardian,6ملم مشرط برونز
6ملم برونز(SISECAM ),6,برونز,SISECAM,6ملم برونز
6ملم برونز(SISECAM ),6,برونز,SISECAM,6ملم برونز
6ملم برونز(SISECAM ),6,برونز,SISECAM,6ملم برونز
5.5ملم ابيض(SISECAM ),5.5,ابيض,SISECAM,5.5ملم ابيض
5.5ملم برش برونز(Guardian),5.5,برش برونز,Guardian,5.5ملم برش برونز
4ملم مرايا ابيض(Trakya ),4,مرايا ابيض,Trakya,4ملم مرايا ابيض
8ملم عاكس LOW-E(Guardian),8,عاكس LOW-E,Guardian,8ملم عاكس LOW-E
10ملم عاكس اسود فاتح(SISECAM ),10,عاكس اسود فاتح,SISECAM,10ملم عاكس اسود فاتح
8ملم ابيض (IMPEX),8,ابيض,IMPEX,8ملم ابيض
8ملم ابيض (IMPEX),8,ابيض,IMPEX,8ملم ابيض
8ملم ابيض(IMPEX),8,ابيض,IMPEX,8ملم ابيض
10ملم ابيض (IMPEX),10,ابيض,IMPEX,10ملم ابيض
10ملم ابيض (IMPEX),10,ابيض,IMPEX,10ملم ابيض
12ملم ابيض (IMPEX),12,ابيض,IMPEX,12ملم ابيض
12ملم ابيض (IMPEX),12,ابيض,IMPEX,12ملم ابيض
15ملم ابيض (IMPEX),15,ابيض,IMPEX,15ملم ابيض
15ملم ابيض (IMPEX),15,ابيض,IMPEX,15ملم ابيض
10ملم تريبلكس ابيض.2(SISECAM),10,تريبلكس ابيض.2,SISECAM,10ملم تريبلكس ابيض.2
8ملم برونز (S.G),8,برونز,S.G,8ملم برونز
15ملم كريستال(AGC),15,كريستال,AGC,15ملم كريستال
8ملم ابيض(IMPEX),8,ابيض,IMPEX,8ملم ابيض
10ملم ابيض (IMPEX),10,ابيض,IMPEX,10ملم ابيض
8،2ملم تريبلكس ابيض(SISECAM),2,8، تريبلكس ابيض,SISECAM,2ملم 8، تريبلكس ابيض
8،2ملم تريبلكس ابيض(SISECAM),2,8، تريبلكس ابيض,SISECAM,2ملم 8، تريبلكس ابيض
8ملم تريبلكس ابيض(SISECAM),8,تريبلكس ابيض,SISECAM,8ملم تريبلكس ابيض
12ملم ابيض (IMPEX),12,ابيض,IMPEX,12ملم ابيض
5.5ملم برش برونز(Cairo),5.5,برش برونز,Cairo,5.5ملم برش برونز
5.5ملم ابيض(Trakya ),5.5,ابيض,Trakya,5.5ملم ابيض
10ملم ابيض(Trakya ),10,ابيض,Trakya,10ملم ابيض
5ملم مرايا برونز(SISECAM ),5,مرايا برونز,SISECAM,5ملم مرايا برونز
5.5ملم ابيض(GrandStar),5.5,ابيض,GrandStar,5.5ملم ابيض
10ملم برونز(امراتي),10,برونز,امراتي,10ملم برونز
5ملم مرايا برونز(AGC),5,مرايا برونز,AGC,5ملم مرايا برونز
4ملم مرايا برونز(AGC),4,مرايا برونز,AGC,4ملم مرايا برونز
8ملم برونز(AGC),8,برونز,AGC,8ملم برونز
8ملم برونز(AGC),8,برونز,AGC,8ملم برونز
8ملم برونز(AGC),8,برونز,AGC,8ملم برونز
5.5ملم اخضر فاتح(SISECAM ),5.5,اخضر فاتح,SISECAM,5.5ملم اخضر فاتح
6ملم مشرط ابيض(Cairo),6,مشرط ابيض,Cairo,6ملم مشرط ابيض
15ملم ابيض(AGC),15,ابيض,AGC,15ملم ابيض
5.5ملم ابيض(SISECAM ),5.5,ابيض,SISECAM,5.5ملم ابيض
5.5ملم ازرق غامق(RIDER),5.5,ازرق غامق,RIDER,5.5ملم ازرق غامق
4ملم كريستال,4,كريستال,,4ملم كريستال
8ملم كريستال(Falcon),8,كريستال,Falcon,8ملم كريستال
5ملم محجر بازل اسود,5,محجر بازل اسود,,5ملم محجر بازل اسود
5ملم محجر بازل اسود,5,محجر بازل اسود,,5ملم محجر بازل اسود
5ملم محجر بازل اسود,5,محجر بازل اسود,,5ملم محجر بازل اسود
5ملم محجر بازل اسود,5,محجر بازل اسود,,5ملم محجر بازل اسود
5ملم محجر بازل اسود,5,محجر بازل اسود,,5ملم محجر بازل اسود
 2ملم بلور(Sphinx),2,بلور,Sphinx,2ملم بلور
4ملم ياسمين اسيد ابيض,4,ياسمين اسيد ابيض,,4ملم ياسمين اسيد ابيض
8ملم ابيض جامبو(Sphinx),8,ابيض جامبو,Sphinx,8ملم ابيض جامبو
8ملم ابيض جامبو(Sphinx),8,ابيض جامبو,Sphinx,8ملم ابيض جامبو
  10ملم ابيض جامبو(Sphinx),10,ابيض جامبو,Sphinx,10ملم ابيض جامبو
4ملم سجادة اسيد ابيض(yorglas),4,سجادة اسيد ابيض,yorglas,4ملم سجادة اسيد ابيض
8ملم برش ابيض(SISECAM ),8,برش ابيض,SISECAM,8ملم برش ابيض
6ملم مغشى اسيد(Trakya),6,مغشى اسيد,Trakya,6ملم مغشى اسيد
4ملم دلتا اسيد ابيض(تركي),4,دلتا اسيد ابيض,تركي,4ملم دلتا اسيد ابيض
12ملم ابيض (IMPEX),12,ابيض,IMPEX,12ملم ابيض
12ملم ابيض (IMPEX),12,ابيض,IMPEX,12ملم ابيض
12ملم ابيض (IMPEX),12,ابيض,IMPEX,12ملم ابيض
5.5ملم اخضر غامق(SISECAM ),5.5,اخضر غامق,SISECAM,5.5ملم اخضر غامق
6ملم مغشى اسيد(Trakya),6,مغشى اسيد,Trakya,6ملم مغشى اسيد
15ملم ابيض(Shandong Fluent),15,ابيض,Shandong Fluent,15ملم ابيض
8ملم برونز(Rongsheng),8,برونز,Rongsheng,8ملم برونز
5ملم ازرق غامق,5,ازرق غامق,,5ملم ازرق غامق
6ملم ازرق غامق(Rongsheng),6,ازرق غامق,Rongsheng,6ملم ازرق غامق
5ملم عاكس ازرق غامق(Rongsheng),5,عاكس ازرق غامق,Rongsheng,5ملم عاكس ازرق غامق
5.5ملم اخضر فاتح(SISECAM ),5.5,اخضر فاتح,SISECAM,5.5ملم اخضر فاتح
10ملم برونز (S.G),10,برونز,S.G,10ملم برونز
12ملم ابيض( Kavet ),12,ابيض,Kavet,12ملم ابيض
12ملم ابيض( Kavet ),12,ابيض,Kavet,12ملم ابيض
10ملم ابيض ( Kavet  ),10,ابيض,Kavet,10ملم ابيض
5.5ملم ابيض( Kavet ),5.5,ابيض,Kavet,5.5ملم ابيض
5.5ملم اخضر غامق(SISECAM ),5.5,اخضر غامق,SISECAM,5.5ملم اخضر غامق
5.5ملم اخضر غامق(SISECAM ),5.5,اخضر غامق,SISECAM,5.5ملم اخضر غامق
5.5ملم ابيض( Kavet ),5.5,ابيض,Kavet,5.5ملم ابيض
5.5ملم ابيض,5.5,ابيض,,5.5ملم ابيض
5.5ملم ابيض( Kavet ),5.5,ابيض,Kavet,5.5ملم ابيض
10ملم ابيض ( Kavet  ),10,ابيض,Kavet,10ملم ابيض
 8ملم ابيض( Kavet ),8,ابيض,Kavet,8ملم ابيض
 8ملم ابيض( Kavet ),8,ابيض,Kavet,8ملم ابيض
10ملم ابيض ( Kavet  ),10,ابيض,Kavet,10ملم ابيض
10ملم ابيض ( Kavet  ),10,ابيض,Kavet,10ملم ابيض
5.5ملم ابيض( Kavet ),5.5,ابيض,Kavet,5.5ملم ابيض
10ملم برونز(Rongsheng),10,برونز,Rongsheng,10ملم برونز
12ملم تريبلكس ابيض.2 Silance(SISECAM),12,تريبلكس ابيض.2 Silance,SISECAM,12ملم تريبلكس ابيض.2 Silance
15ملم ابيض(AGC),15,ابيض,AGC,15ملم ابيض
 8ملم ابيض( Kavet ),8,ابيض,Kavet,8ملم ابيض
10ملم ابيض ( Kavet  ),10,ابيض,Kavet,10ملم ابيض
12ملم ابيض( Kavet ),12,ابيض,Kavet,12ملم ابيض
5.5ملم ابيض( Kavet ),5.5,ابيض,Kavet,5.5ملم ابيض
5.5ملم عاكس اخضر غامق(RIDER),5.5,عاكس اخضر غامق,RIDER,5.5ملم عاكس اخضر غامق
15ملم ابيض(Shandong Fluent),15,ابيض,Shandong Fluent,15ملم ابيض
5.5ملم ابيض( Kavet ),5.5,ابيض,Kavet,5.5ملم ابيض
15ملم ابيض( Kavet ),15,ابيض,Kavet,15ملم ابيض
4ملم مرايا ابيض(SISECAM ),4,مرايا ابيض,SISECAM,4ملم مرايا ابيض
5ملم مرايا ابيض(Trakya ),5,مرايا ابيض,Trakya,5ملم مرايا ابيض
5ملم مرايا ابيض(SISECAM ),5,مرايا ابيض,SISECAM,5ملم مرايا ابيض
5.5ملم برونز( Kavet ),5.5,برونز,Kavet,5.5ملم برونز
5.5ملم برونز( Kavet ),5.5,برونز,Kavet,5.5ملم برونز
5ملم برونز( Kavet ),5,برونز,Kavet,5ملم برونز
5ملم ابيض(SISECAM ),5,ابيض,SISECAM,5ملم ابيض
5ملم ابيض(SISECAM ),5,ابيض,SISECAM,5ملم ابيض
5ملم ابيض(SISECAM ),5,ابيض,SISECAM,5ملم ابيض
6ملم ابيض(SISECAM ),6,ابيض,SISECAM,6ملم ابيض
4ملم اسود(SISECAM ),4,اسود,SISECAM,4ملم اسود
3ملم مرايا ابيض((Sisecam Silver ),3,مرايا ابيض,(Sisecam Silver,3ملم مرايا ابيض
4ملم ابيض(SISECAM ),4,ابيض,SISECAM,4ملم ابيض
4ملم ابيض(SISECAM ),4,ابيض,SISECAM,4ملم ابيض
4ملم ابيض(SISECAM ),4,ابيض,SISECAM,4ملم ابيض
4ملم ابيض(SISECAM ),4,ابيض,SISECAM,4ملم ابيض
5ملم ابيض(SISECAM ),5,ابيض,SISECAM,5ملم ابيض
6ملم ابيض(SISECAM ),6,ابيض,SISECAM,6ملم ابيض
8ملم ابيض(SISECAM ),8,ابيض,SISECAM,8ملم ابيض
8ملم ابيض(SISECAM ),8,ابيض,SISECAM,8ملم ابيض
 2ملم بلور(PT MULIA),2,بلور,PT MULIA,2ملم بلور
8ملم تريبلكس برونز(SISECAM),8,تريبلكس برونز,SISECAM,8ملم تريبلكس برونز
8ملم تريبلكس اسود(SISECAM),8,تريبلكس اسود,SISECAM,8ملم تريبلكس اسود
6ملم عاكس اسود فاتح(SISECAM ),6,عاكس اسود فاتح,SISECAM,6ملم عاكس اسود فاتح
5.5ملم عاكس برونز( Kavet ),5.5,عاكس برونز,Kavet,5.5ملم عاكس برونز
5.5ملم ازرق فاتح(Falcon),5.5,ازرق فاتح,Falcon,5.5ملم ازرق فاتح
16ملم تريبلكس ابيض.2(SISECAM),16,تريبلكس ابيض.2,SISECAM,16ملم تريبلكس ابيض.2
12ملم تريبلكس ابيض.2(SISECAM),12,تريبلكس ابيض.2,SISECAM,12ملم تريبلكس ابيض.2
10ملم ازرق فاتح(Shandong Fluent),10,ازرق فاتح,Shandong Fluent,10ملم ازرق فاتح
12ملم اخضر فاتح(Shandong Fluent),12,اخضر فاتح,Shandong Fluent,12ملم اخضر فاتح
15ملم ابيض(Shandong Fluent),15,ابيض,Shandong Fluent,15ملم ابيض
15ملم ابيض(Shandong Fluent),15,ابيض,Shandong Fluent,15ملم ابيض
15ملم ابيض(Shandong Fluent),15,ابيض,Shandong Fluent,15ملم ابيض
5ملم ابيض(SISECAM ),5,ابيض,SISECAM,5ملم ابيض
5ملم ابيض(SISECAM ),5,ابيض,SISECAM,5ملم ابيض
12ملم ابيض(SISECAM ),12,ابيض,SISECAM,12ملم ابيض
8ملم كريستال(SISECAM),8,كريستال,SISECAM,8ملم كريستال
6ملم تريبلكس ابيض(SISECAM),6,تريبلكس ابيض,SISECAM,6ملم تريبلكس ابيض
8ملم تريبلكس ابيض(SISECAM),8,تريبلكس ابيض,SISECAM,8ملم تريبلكس ابيض
10ملم تريبلكس ابيض(SISECAM),10,تريبلكس ابيض,SISECAM,10ملم تريبلكس ابيض
12ملم تريبلكس ابيض(SISECAM),12,تريبلكس ابيض,SISECAM,12ملم تريبلكس ابيض
12ملم تريبلكس ابيض(SISECAM),12,تريبلكس ابيض,SISECAM,12ملم تريبلكس ابيض
10ملم تريبلكس.2 silance(SISECAM)                                                                  1,10,تريبلكس.2 silance 1,SISECAM,10ملم تريبلكس.2 silance 1
12ملم تريبلكس ابيض.2 Silance(SISECAM),12,تريبلكس ابيض.2 Silance,SISECAM,12ملم تريبلكس ابيض.2 Silance
19ملم ابيض(Shandong Fluent),19,ابيض,Shandong Fluent,19ملم ابيض
19ملم ابيض(Shandong Fluent),19,ابيض,Shandong Fluent,19ملم ابيض
4ملم مرايا ابيض(SISECAM,4,مرايا ابيض(SISECAM,,4ملم مرايا ابيض(SISECAM
5ملم برونز(SISECAM ),5,برونز,SISECAM,5ملم برونز
5.5ملم برونز(SISECAM ),5.5,برونز,SISECAM,5.5ملم برونز
5.5ملم اسود(Sphinx RU-2),5.5,اسود,Sphinx RU-2,5.5ملم اسود
5.5ملم اسود(Sphinx RU-3),5.5,اسود,Sphinx RU-3,5.5ملم اسود
5.5ملم اسود(Sphinx RU-3),5.5,اسود,Sphinx RU-3,5.5ملم اسود
5.5ملم اسود(Sphinx RU-3),5.5,اسود,Sphinx RU-3,5.5ملم اسود
5.5ملم اسود(Sphinx RU-3),5.5,اسود,Sphinx RU-3,5.5ملم اسود
5ملم ابيض(SISECAM ),5,ابيض,SISECAM,5ملم ابيض
5ملم مرايا ابيض(Trakya ),5,مرايا ابيض,Trakya,5ملم مرايا ابيض
5ملم مرايا ابيض(SISECAM ),5,مرايا ابيض,SISECAM,5ملم مرايا ابيض
5ملم مرايا ابيض(SISECAM ),5,مرايا ابيض,SISECAM,5ملم مرايا ابيض
4ملم مرايا اسود(SISECAM ),4,مرايا اسود,SISECAM,4ملم مرايا اسود
6ملم عاكس برونز(SISECAM ),6,عاكس برونز,SISECAM,6ملم عاكس برونز
5ملم اسود(SISECAM ),5,اسود,SISECAM,5ملم اسود
5ملم برونز(SISECAM ),5,برونز,SISECAM,5ملم برونز
5.5ملم ابيض,5.5,ابيض,,5.5ملم ابيض
5.5ملم ابيض,5.5,ابيض,,5.5ملم ابيض
5.5ملم ابيض,5.5,ابيض,,5.5ملم ابيض
5.5ملم ابيض,5.5,ابيض,,5.5ملم ابيض
8ملم تريبلكس مغشى(SISECAM),8,تريبلكس مغشى,SISECAM,8ملم تريبلكس مغشى
8ملم ابيض( Kavet ),8,ابيض,Kavet,8ملم ابيض
10ملم ابيض(GrandStar),10,ابيض,GrandStar,10ملم ابيض
12ملم ابيض(RIDER),12,ابيض,RIDER,12ملم ابيض
12ملم ابيض(RIDER),12,ابيض,RIDER,12ملم ابيض
5ملم عاكس اخضر غامق.3 (R),5,عاكس اخضر غامق.3,R,5ملم عاكس اخضر غامق.3
4ملم ابيض(RIDER),4,ابيض,RIDER,4ملم ابيض
5ملم برش اسود(REXI),5,برش اسود,REXI,5ملم برش اسود
4ملم محجر صليب ابيض(REXI),4,محجر صليب ابيض,REXI,4ملم محجر صليب ابيض
4ملم محجر صليب ابيض(RIDER),4,محجر صليب ابيض,RIDER,4ملم محجر صليب ابيض
12ملم ابيض(RIDER),12,ابيض,RIDER,12ملم ابيض
12ملم ابيض(RIDER),12,ابيض,RIDER,12ملم ابيض
5.5ملم ازرق فاتح(Falcon),5.5,ازرق فاتح,Falcon,5.5ملم ازرق فاتح
4ملم مرايا ابيض(Majed Global),4,مرايا ابيض,Majed Global,4ملم مرايا ابيض
5ملم مرايا ابيض(Silver Joyo),5,مرايا ابيض,Silver Joyo,5ملم مرايا ابيض
12ملم ابيض(RIDER),12,ابيض,RIDER,12ملم ابيض
12ملم ابيض(RIDER),12,ابيض,RIDER,12ملم ابيض
6ملم مدهون اسود(Trakya ),6,مدهون اسود,Trakya,6ملم مدهون اسود
12ملم ابيض(Rider Malizia x.w.g),12,ابيض,Rider Malizia x.w.g,12ملم ابيض
 5.5ملم برونز(Rider Lanshin),5.5,برونز,Rider Lanshin,5.5ملم برونز
5.5ملم عاكس برونز(Rider Lanshin),5.5,عاكس برونز,Rider Lanshin,5.5ملم عاكس برونز
6ملم مغشى اسيد(Rider),6,مغشى اسيد,Rider,6ملم مغشى اسيد
8ملم مغشى اسيد(Rider),8,مغشى اسيد,Rider,8ملم مغشى اسيد
4ملم مغشى اسيد(Rider),4,مغشى اسيد,Rider,4ملم مغشى اسيد
6ملم مغشى اسيد,6,مغشى اسيد,,6ملم مغشى اسيد
8ملم كريستال(Majed P.P.G),8,كريستال,Majed P.P.G,8ملم كريستال
5ملم مرايا ابيض(Majed Global),5,مرايا ابيض,Majed Global,5ملم مرايا ابيض
4ملم مرايا ابيض(Majed Global),4,مرايا ابيض,Majed Global,4ملم مرايا ابيض
6ملم مرايا ابيض(Majed Global),6,مرايا ابيض,Majed Global,6ملم مرايا ابيض
6ملم كريستال(Majed P.P.G),6,كريستال,Majed P.P.G,6ملم كريستال
10ملم كريستال(Majed P.P.G),10,كريستال,Majed P.P.G,10ملم كريستال
6ملم كريستال(Majed P.P.G),6,كريستال,Majed P.P.G,6ملم كريستال
6ملم مشرط ابيض(Tess Jinging),6,مشرط ابيض,Tess Jinging,6ملم مشرط ابيض
10ملم ابيض(Guardian),10,ابيض,Guardian,10ملم ابيض
10ملم ابيض(Guardian),10,ابيض,Guardian,10ملم ابيض
5.5ملم ابيض(Guardian),5.5,ابيض,Guardian,5.5ملم ابيض
8ملم ابيض(Guardian),8,ابيض,Guardian,8ملم ابيض
8ملم ابيض(Guardian),8,ابيض,Guardian,8ملم ابيض
8ملم اسود(Majed s.g.g),8,اسود,Majed s.g.g,8ملم اسود
10ملم اسود(Majed s.g.g),10,اسود,Majed s.g.g,10ملم اسود
12ملم اسود(Majed s.g.g),12,اسود,Majed s.g.g,12ملم اسود
12ملم اسود(Majed s.g.g),12,اسود,Majed s.g.g,12ملم اسود
10ملم كريستال(Falcon),10,كريستال,Falcon,10ملم كريستال
3ملم مرايا ابيض(Majed Global),3,مرايا ابيض,Majed Global,3ملم مرايا ابيض
5ملم اسود(SISECAM ),5,اسود,SISECAM,5ملم اسود
5ملم ابيض(SISECAM ),5,ابيض,SISECAM,5ملم ابيض
8ملم ابيض(GrandStar),8,ابيض,GrandStar,8ملم ابيض
10ملم ابيض,10,ابيض,,10ملم ابيض
10ملم ابيض( Kavet ),10,ابيض,Kavet,10ملم ابيض
10ملم ابيض,10,ابيض,,10ملم ابيض
10ملم ابيض,10,ابيض,,10ملم ابيض
5.5ملم ابيض,5.5,ابيض,,5.5ملم ابيض
5.5ملم ابيض,5.5,ابيض,,5.5ملم ابيض
8ملم ابيض(GrandStar),8,ابيض,GrandStar,8ملم ابيض
5ملم ابيض( Kavet ),5,ابيض,Kavet,5ملم ابيض
12ملم ابيض(Sphinx),12,ابيض,Sphinx,12ملم ابيض
12ملم ابيض(Sphinx),12,ابيض,Sphinx,12ملم ابيض
12ملم ابيض(Sphinx),12,ابيض,Sphinx,12ملم ابيض
5ملم ابيض( Kavet ),5,ابيض,Kavet,5ملم ابيض
5ملم ابيض( Kavet ),5,ابيض,Kavet,5ملم ابيض
5ملم ابيض( Kavet ),5,ابيض,Kavet,5ملم ابيض
8ملم ابيض(GrandStar),8,ابيض,GrandStar,8ملم ابيض
8ملم ابيض( Kavet ),8,ابيض,Kavet,8ملم ابيض
6ملم مشرط ابيض(Cairo),6,مشرط ابيض,Cairo,6ملم مشرط ابيض
15ملم ابيض (S.G),15,ابيض,S.G,15ملم ابيض
15ملم ابيض (S.G),15,ابيض,S.G,15ملم ابيض
19ملم ابيض (S.G),19,ابيض,S.G,19ملم ابيض
5ملم ابيض( Kavet ),5,ابيض,Kavet,5ملم ابيض
4ملم مرايا ابيض (S.G),4,مرايا ابيض,S.G,4ملم مرايا ابيض
4ملم مرايا ابيض (S.G),4,مرايا ابيض,S.G,4ملم مرايا ابيض
5ملم مرايا ابيض(S.G),5,مرايا ابيض,S.G,5ملم مرايا ابيض
6ملم مرايا ابيض(S.G),6,مرايا ابيض,S.G,6ملم مرايا ابيض
5ملم مرايا ابيض(S.G),5,مرايا ابيض,S.G,5ملم مرايا ابيض
8ملم عاكس ابيض(S.G),8,عاكس ابيض,S.G,8ملم عاكس ابيض
8ملم عاكس ابيض(S.G),8,عاكس ابيض,S.G,8ملم عاكس ابيض
5.5ملم برش برونز(Cairo),5.5,برش برونز,Cairo,5.5ملم برش برونز
5ملم ابيض( Kavet ),5,ابيض,Kavet,5ملم ابيض
10ملم مغشى اسيد(Rir),10,مغشى اسيد,Rir,10ملم مغشى اسيد
3ملم مرايا ابيض(Aluminum Joyo),3,مرايا ابيض,Aluminum Joyo,3ملم مرايا ابيض
6ملم مشرط ابيض(Qingdao Jinjing),6,مشرط ابيض,Qingdao Jinjing,6ملم مشرط ابيض
6ملم مشرط ابيض(Cairo),6,مشرط ابيض,Cairo,6ملم مشرط ابيض
5.5ملم برش ابيض(Cairo),5.5,برش ابيض,Cairo,5.5ملم برش ابيض
5ملم اسود(SISECAM,5,اسود(SISECAM,,5ملم اسود(SISECAM
4ملم برونز(SISECAM ),4,برونز,SISECAM,4ملم برونز
5ملم برونز(SISECAM ),5,برونز,SISECAM,5ملم برونز
4ملم مرايا ابيض(SISECAM ),4,مرايا ابيض,SISECAM,4ملم مرايا ابيض
4ملم مرايا ابيض(SISECAM ),4,مرايا ابيض,SISECAM,4ملم مرايا ابيض
5ملم مرايا برونز(SISECAM ),5,مرايا برونز,SISECAM,5ملم مرايا برونز
6ملم مرايا برونز(SISECAM ),6,مرايا برونز,SISECAM,6ملم مرايا برونز
5.5ملم ازرق فاتح(Sphinx ),5.5,ازرق فاتح,Sphinx,5.5ملم ازرق فاتح
5.5ملم ازرق فاتح(Sphinx ),5.5,ازرق فاتح,Sphinx,5.5ملم ازرق فاتح
8ملم برش ابيض(Qingdo jnjing),8,برش ابيض,Qingdo jnjing,8ملم برش ابيض
4ملم محجر زلحفة عسلي,4,محجر زلحفة عسلي,,4ملم محجر زلحفة عسلي
3ملم مرايا ابيض(Aluminum),3,مرايا ابيض,Aluminum,3ملم مرايا ابيض
5ملم ابيض(SISECAM ),5,ابيض,SISECAM,5ملم ابيض
10ملم ابيض(SISECAM ),10,ابيض,SISECAM,10ملم ابيض
10ملم ابيض(SISECAM ),10,ابيض,SISECAM,10ملم ابيض
10ملم اخضر فاتح(SISECAM ),10,اخضر فاتح,SISECAM,10ملم اخضر فاتح
6ملم عاكس اسود فاتح(SISECAM ),6,عاكس اسود فاتح,SISECAM,6ملم عاكس اسود فاتح
5ملم مرايا ابيض(SISECAM ),5,مرايا ابيض,SISECAM,5ملم مرايا ابيض
5ملم مرايا ابيض(SISECAM ),5,مرايا ابيض,SISECAM,5ملم مرايا ابيض
6ملم مرايا ابيض(SISECAM ),6,مرايا ابيض,SISECAM,6ملم مرايا ابيض
5ملم مرايا اسود(SISECAM ),5,مرايا اسود,SISECAM,5ملم مرايا اسود
8ملم عاكس برونز(Bangmei),8,عاكس برونز,Bangmei,8ملم عاكس برونز
5.5ملم ابيض(Sphinx),5.5,ابيض,Sphinx,5.5ملم ابيض
5.5ملم ابيض(Sphinx),5.5,ابيض,Sphinx,5.5ملم ابيض
12ملم ابيض(Sphinx),12,ابيض,Sphinx,12ملم ابيض
5.5ملم عاكس ابيض(Sphinx),5.5,عاكس ابيض,Sphinx,5.5ملم عاكس ابيض
5.5ملم ابيض,5.5,ابيض,,5.5ملم ابيض
3ملم مرايا ابيض(RIDER),3,مرايا ابيض,RIDER,3ملم مرايا ابيض
4ملم مرايا ابيض(RIDER),4,مرايا ابيض,RIDER,4ملم مرايا ابيض
5ملم مرايا ابيض(RIDER),5,مرايا ابيض,RIDER,5ملم مرايا ابيض
5.5ملم ابيض,5.5,ابيض,,5.5ملم ابيض
6ملم كريستال(AGC),6,كريستال,AGC,6ملم كريستال
(Cairo)3ملم محجر دلتا  ابيض.5,3,3ملم محلتا ابيض.5,Cairo,3ملم 3ملم محلتا ابيض.5
5ملم ابيض( Kavet ),5,ابيض,Kavet,5ملم ابيض
5ملم ابيض( Kavet ),5,ابيض,Kavet,5ملم ابيض
5.5ملم ابيض(GrandStar),5.5,ابيض,GrandStar,5.5ملم ابيض
6ملم ابيض(SISECAM ),6,ابيض,SISECAM,6ملم ابيض
(1)مرايا 6 ملم معتق رقم,6,مرايا 6 متق رقم,1,6ملم مرايا 6 متق رقم
(2)مرايا 6 ملم معتق رقم,6,مرايا 6 متق رقم,2,6ملم مرايا 6 متق رقم
(5)مرايا 6 ملم معتق رقم,6,مرايا 6 متق رقم,5,6ملم مرايا 6 متق رقم
 12ملم ابيض جامبو(Trakya ),12,ابيض جامبو,Trakya,12ملم ابيض جامبو
 12ملم ابيض جامبو(Trakya ),12,ابيض جامبو,Trakya,12ملم ابيض جامبو
5.5ملم برش اسود(Bangmei),5.5,برش اسود,Bangmei,5.5ملم برش اسود
10ملم برش ابيض (Bangmei),10,برش ابيض,Bangmei,10ملم برش ابيض
                                  6ملم مشرط ابيض(Cairo),6,مشرط ابيض,Cairo,6ملم مشرط ابيض
8ملم برش ابيض(Cairo),8,برش ابيض,Cairo,8ملم برش ابيض
4ملم ابيض( Kavet ),4,ابيض,Kavet,4ملم ابيض
5ملم ازرق غامق(RIDER),5,ازرق غامق,RIDER,5ملم ازرق غامق
6ملم عاكس ازرق غامق(RIDER),6,عاكس ازرق غامق,RIDER,6ملم عاكس ازرق غامق
5.5ملم ابيض(GrandStar),5.5,ابيض,GrandStar,5.5ملم ابيض
8،2ملم تريبلكس ابيض(SISECAM),2,8، تريبلكس ابيض,SISECAM,2ملم 8، تريبلكس ابيض
8ملم تريبلكس مغشى(SISECAM),8,تريبلكس مغشى,SISECAM,8ملم تريبلكس مغشى
8ملم تريبلكس silance(SISECAM,8,تريبلكس silance(SISECAM,,8ملم تريبلكس silance(SISECAM
6ملم عاكس LOW-E(SISECAM)71/53,6,عاكس LOW-E71/53,SISECAM,6ملم عاكس LOW-E71/53
10ملم ابيض(Guardian),10,ابيض,Guardian,10ملم ابيض
10ملم ابيض(Guardian),10,ابيض,Guardian,10ملم ابيض
10ملم ابيض(Guardian),10,ابيض,Guardian,10ملم ابيض
4ملم مدهون اسود(Australia Qingdao),4,مدهون اسود,Australia Qingdao,4ملم مدهون اسود
6ملم مدهون اسود(Australia Qingdao),6,مدهون اسود,Australia Qingdao,6ملم مدهون اسود
4ملم مرايا ذهبي(TianjinLuck),4,مرايا ذهبي,TianjinLuck,4ملم مرايا ذهبي
4ملم مرايا ذهبي(TianjinLuck),4,مرايا ذهبي,TianjinLuck,4ملم مرايا ذهبي
4ملم مرايا ابيض(Aluminum Joyo),4,مرايا ابيض,Aluminum Joyo,4ملم مرايا ابيض
5ملم مرايا ابيض(Aluminum Joyo),5,مرايا ابيض,Aluminum Joyo,5ملم مرايا ابيض
6ملم مشرط ابيض(Qingdao Jinjing),6,مشرط ابيض,Qingdao Jinjing,6ملم مشرط ابيض
12ملم اسود(Majed s.g.g),12,اسود,Majed s.g.g,12ملم اسود
12ملم ابيض(U.F.G),12,ابيض,U.F.G,12ملم ابيض
10ملم برش ابيض(Cairo),10,برش ابيض,Cairo,10ملم برش ابيض
(1)محجر اسيد ديكور,,محجر اسيد ديكور,1,محجر اسيد ديكور
(2)محجر اسيد ديكور,,محجر اسيد ديكور,2,محجر اسيد ديكور
(7)محجر اسيد ديكور,,محجر اسيد ديكور,7,محجر اسيد ديكور
(9)محجر اسيد ديكور,,محجر اسيد ديكور,9,محجر اسيد ديكور
(9)محجر اسيد ديكور,,محجر اسيد ديكور,9,محجر اسيد ديكور
(10)محجر اسيد ديكور,,محجر اسيد ديكور,10,محجر اسيد ديكور
(10)محجر اسيد ديكور,,محجر اسيد ديكور,10,محجر اسيد ديكور
(Cairo)3ملم محجر دلتا برونز.5,3,3ملم محلتا برونز.5,Cairo,3ملم 3ملم محلتا برونز.5
5.5ملم اسود(SISECAM ),5.5,اسود,SISECAM,5.5ملم اسود
5ملم مرايا ابيض(Silver Joyo),5,مرايا ابيض,Silver Joyo,5ملم مرايا ابيض
5.5ملم ابيض,5.5,ابيض,,5.5ملم ابيض
 5ملم عاكس اسود.3,5,عاكس اسود.3,,5ملم عاكس اسود.3
 5ملم عاكس برونز.3,5,عاكس برونز.3,,5ملم عاكس برونز.3
4ملم عاكس برونز,4,عاكس برونز,,4ملم عاكس برونز
15ملم ابيض(SISECAM ),15,ابيض,SISECAM,15ملم ابيض
4ملم مرايا ابيض(Silver Joyo),4,مرايا ابيض,Silver Joyo,4ملم مرايا ابيض
5.5ملم اسود(SISECAM ),5.5,اسود,SISECAM,5.5ملم اسود
مشرط ابيض6ملم مشرط ابيض(Shandong Fluent),6,مشرط ابيض مشرط ابيض,Shandong Fluent,6ملم مشرط ابيض مشرط ابيض
6ملم مغشى اسيد(Rider),6,مغشى اسيد,Rider,6ملم مغشى اسيد
5ملم مرايا ابيض(Silver Joyo),5,مرايا ابيض,Silver Joyo,5ملم مرايا ابيض
5.5ملم ابيض(S.G),5.5,ابيض,S.G,5.5ملم ابيض
5.5ملم ابيض(S.G),5.5,ابيض,S.G,5.5ملم ابيض
5.5ملم ابيض(S.G),5.5,ابيض,S.G,5.5ملم ابيض
5.5ملم ابيض(S.G,5.5,ابيض(S.G,,5.5ملم ابيض(S.G
5.5ملم ابيض(S.G),5.5,ابيض,S.G,5.5ملم ابيض
5.5ملم ابيض(S.G),5.5,ابيض,S.G,5.5ملم ابيض
5.5ملم ابيض(S.G),5.5,ابيض,S.G,5.5ملم ابيض
5.5ملم ابيض(S.G,5.5,ابيض(S.G,,5.5ملم ابيض(S.G
5.5ملم ابيض(S.G),5.5,ابيض,S.G,5.5ملم ابيض
4ملم ابيض(Trakya ),4,ابيض,Trakya,4ملم ابيض
6ملم عاكس ابيض (SISECAM),6,عاكس ابيض,SISECAM,6ملم عاكس ابيض
6ملم مرايا ابيض(SISECAM ),6,مرايا ابيض,SISECAM,6ملم مرايا ابيض
5ملم اسود(SISECAM ),5,اسود,SISECAM,5ملم اسود
8ملم مغشى اسيد,8,مغشى اسيد,,8ملم مغشى اسيد
5.5ملم برش ابيض(El Nasr),5.5,برش ابيض,El Nasr,5.5ملم برش ابيض
4ملم محجر صليب ابيض(El Nasr),4,محجر صليب ابيض,El Nasr,4ملم محجر صليب ابيض
6ملم مغشى اسيد(ZEUDAN),6,مغشى اسيد,ZEUDAN,6ملم مغشى اسيد
10ملم ابيض(Sphinx),10,ابيض,Sphinx,10ملم ابيض
10ملم ابيض(Sphinx),10,ابيض,Sphinx,10ملم ابيض
10ملم ابيض(Sphinx),10,ابيض,Sphinx,10ملم ابيض
10ملم ابيض(Sphinx),10,ابيض,Sphinx,10ملم ابيض
12ملم ابيض(Sphinx),12,ابيض,Sphinx,12ملم ابيض
8ملم عاكس ابيض(SISECAM),8,عاكس ابيض,SISECAM,8ملم عاكس ابيض
15ملم ابيض (S.G),15,ابيض,S.G,15ملم ابيض
15ملم ابيض (S.G),15,ابيض,S.G,15ملم ابيض
6ملم مغشى اسيد(ZEUDAN),6,مغشى اسيد,ZEUDAN,6ملم مغشى اسيد
6ملم زهر,6,زهر,,6ملم زهر
5.5ملم برش برونز(U.F.G),5.5,برش برونز,U.F.G,5.5ملم برش برونز
6ملم مشرط ابيض(KING TAI)),6,مشرط ابيض,KING TAI,6ملم مشرط ابيض
 2ملم بلور(Bisheng Techno),2,بلور,Bisheng Techno,2ملم بلور
5ملم عاكس اخضر غامق.3 (RIDER),5,عاكس اخضر غامق.3,RIDER,5ملم عاكس اخضر غامق.3
5ملم برش اسود(CHINA),5,برش اسود,CHINA,5ملم برش اسود
2ملم مات(Bisheng Techno),2,مات,Bisheng Techno,2ملم مات
6ملم مشرط برونز(Sahand),6,مشرط برونز,Sahand,6ملم مشرط برونز
6ملم مشرط برونز(Sahand),6,مشرط برونز,Sahand,6ملم مشرط برونز
6ملم مشرط برونز(Sahand),6,مشرط برونز,Sahand,6ملم مشرط برونز
6ملم مشرط برونز(Sahand),6,مشرط برونز,Sahand,6ملم مشرط برونز
6ملم مشرط برونز(Sahand),6,مشرط برونز,Sahand,6ملم مشرط برونز
6ملم مشرط برونز(Sahand),6,مشرط برونز,Sahand,6ملم مشرط برونز
10ملم مغشى اسيد(Yorglas),10,مغشى اسيد,Yorglas,10ملم مغشى اسيد
8ملم تريبلكس ابيض(Trakya ),8,تريبلكس ابيض,Trakya,8ملم تريبلكس ابيض
6ملم مشرط برونز(GrandStar),6,مشرط برونز,GrandStar,6ملم مشرط برونز
6ملم مشرط برونز(GrandStar),6,مشرط برونز,GrandStar,6ملم مشرط برونز
6ملم مشرط برونز(GrandStar),6,مشرط برونز,GrandStar,6ملم مشرط برونز
6ملم مشرط برونز(GrandStar),6,مشرط برونز,GrandStar,6ملم مشرط برونز
6ملم مشرط برونز(GrandStar),6,مشرط برونز,GrandStar,6ملم مشرط برونز
10ملم عاكس برونز(امراتي),10,عاكس برونز,امراتي,10ملم عاكس برونز
6ملم مشرط برونز(Sahand),6,مشرط برونز,Sahand,6ملم مشرط برونز
6ملم مشرط برونز(Sahand),6,مشرط برونز,Sahand,6ملم مشرط برونز
8ملم مغشى اسيد(Bisheng Techno),8,مغشى اسيد,Bisheng Techno,8ملم مغشى اسيد
10ملم مغشى اسيد(Bisheng Techno),10,مغشى اسيد,Bisheng Techno,10ملم مغشى اسيد
10ملم مغشى اسيد(Bisheng Techno),10,مغشى اسيد,Bisheng Techno,10ملم مغشى اسيد
3ملم بلور(SISECAM ),3,بلور,SISECAM,3ملم بلور
6ملم مشرط اسود (KING TAI)),6,مشرط اسود,KING TAI,6ملم مشرط اسود
6ملم مشرط اسود (KING TAI)),6,مشرط اسود,KING TAI,6ملم مشرط اسود
10ملم كريستال(SIS)تركيا,10,كريستالتركيا,SIS,10ملم كريستالتركيا
8ملم كريستال(SISECAM),8,كريستال,SISECAM,8ملم كريستال
"5ملم برش اسود,3(CHINA)",5,"برش اسود,3",CHINA,"5ملم برش اسود,3"
"5ملم برش اسود,3(CHINA)",5,"برش اسود,3",CHINA,"5ملم برش اسود,3"
4ملم محجر بازل  ابيض(El Nasr),4,محجر بازل ابيض,El Nasr,4ملم محجر بازل ابيض
3ملم محجر دلتا  ابيض.5(El Nasr),3,محجر دلتا ابيض.5,El Nasr,3ملم محجر دلتا ابيض.5
6ملم مغشى اسيد(Bisheng Techno),6,مغشى اسيد,Bisheng Techno,6ملم مغشى اسيد
4ملم مرايا ابيض(SISECAM ),4,مرايا ابيض,SISECAM,4ملم مرايا ابيض
10ملم تريبلكس ابيض(SISECAM),10,تريبلكس ابيض,SISECAM,10ملم تريبلكس ابيض
12ملم ابيض (S G),12,ابيض,S G,12ملم ابيض
12ملم ابيض (S G),12,ابيض,S G,12ملم ابيض
12ملم ابيض (S G),12,ابيض,S G,12ملم ابيض
8ملم ابيض(Guardian),8,ابيض,Guardian,8ملم ابيض
8ملم ابيض(Guardian),8,ابيض,Guardian,8ملم ابيض
12ملم ابيض (S G),12,ابيض,S G,12ملم ابيض
8ملم ازرق فاتح(S.G),8,ازرق فاتح,S.G,8ملم ازرق فاتح
5.5ملم اسود(Corp blue strad),5.5,اسود,Corp blue strad,5.5ملم اسود
5.5ملم اسود(Corp blue strad),5.5,اسود,Corp blue strad,5.5ملم اسود
5.5ملم اسود(Corp blue strad),5.5,اسود,Corp blue strad,5.5ملم اسود
5.5ملم عاكس اسود(Corp blue strad),5.5,عاكس اسود,Corp blue strad,5.5ملم عاكس اسود
10ملم ابيض(GrandStar),10,ابيض,GrandStar,10ملم ابيض
5.5ملم ابيض(GrandStar),5.5,ابيض,GrandStar,5.5ملم ابيض
5ملم ابيض(GrandStar),5,ابيض,GrandStar,5ملم ابيض
10ملم ازرق فاتح(RIDER),10,ازرق فاتح,RIDER,10ملم ازرق فاتح
3ملم مرايا ابيض(RIDER),3,مرايا ابيض,RIDER,3ملم مرايا ابيض
3ملم مرايا ابيض(RIDER),3,مرايا ابيض,RIDER,3ملم مرايا ابيض
5ملم برونز(RIDER),5,برونز,RIDER,5ملم برونز
5ملم برونز(RIDER),5,برونز,RIDER,5ملم برونز
10ملم ازرق فاتح(RIDER),10,ازرق فاتح,RIDER,10ملم ازرق فاتح
 2ملم بلور(Bisheng Techno),2,بلور,Bisheng Techno,2ملم بلور
15ملم ابيض(GrandStar),15,ابيض,GrandStar,15ملم ابيض
8ملم اسود(Majed ),8,اسود,Majed,8ملم اسود
10ملم اسود(Majed),10,اسود,Majed,10ملم اسود
12ملم اسود(Majed ),12,اسود,Majed,12ملم اسود
5.5ملم ابيض(GrandStar),5.5,ابيض,GrandStar,5.5ملم ابيض
8ملم ابيض(GrandStar),8,ابيض,GrandStar,8ملم ابيض
10ملم تريبلكس مغشى(SISECAM),10,تريبلكس مغشى,SISECAM,10ملم تريبلكس مغشى
12ملم تريبلكس مغشى(SISECAM),12,تريبلكس مغشى,SISECAM,12ملم تريبلكس مغشى
6ملم تريبلكس ابيض(SISECAM),6,تريبلكس ابيض,SISECAM,6ملم تريبلكس ابيض
8ملم تريبلكس مغشى(SISECAM),8,تريبلكس مغشى,SISECAM,8ملم تريبلكس مغشى
5.5ملم اسود(Majed s.g.g),5.5,اسود,Majed s.g.g,5.5ملم اسود
5.5ملم اسود(Majed s.g.g),5.5,اسود,Majed s.g.g,5.5ملم اسود
5.5ملم اسود(Majed s.g.g),5.5,اسود,Majed s.g.g,5.5ملم اسود
5.5ملم اسود(Corp blue strad),5.5,اسود,Corp blue strad,5.5ملم اسود
5.5ملم اسود(Corp blue strad),5.5,اسود,Corp blue strad,5.5ملم اسود
5.5ملم اسود(Corp blue strad),5.5,اسود,Corp blue strad,5.5ملم اسود
10ملم ابيض(GrandStar),10,ابيض,GrandStar,10ملم ابيض
3ملم بلور(Bisheng Techno),3,بلور,Bisheng Techno,3ملم بلور
3ملم بلور(Bisheng Techno),3,بلور,Bisheng Techno,3ملم بلور
